Nume clasa statistica:,serii lunare
Observatii despre clasa statistica:, Cursul de schimb mediu lunar se calculează ca medie aritmetică simplă a cursurilor valutare zilnice ale pieţei valutare comunicate de BNR
Nota despre clasa statistica:, serii disponibile începând din ianuarie 2005; pentru perioada ian.- iun.2005 valorile sunt calculate pe baza cursurilor în ROL (publicate înainte de momentul denominării)
Metodologie:,

Data;AUD  mediu (RON/AUD) CURSL_AUDM;CAD  mediu (RON/CAD) CURSL_CADM;CHF  mediu (RON/CHF) CURSL_CHFM;CZK  mediu (RON/CZK) CURSL_CZKM;DKK  mediu (RON/DKK) CURSL_DKKM;EGP  mediu (RON/EGP) CURSL_EGPM;EUR  mediu (RON/EUR) CURSL_EURM;GBP  mediu (RON/GBP) CURSL_GBPM;HUF  mediu (RON/HUF) CURSL_HUFM;JPY  mediu (RON/JPY) CURSL_JPYM;MDL  mediu (RON/MDL) CURSL_MDLM;NOK  mediu (RON/NOK) CURSL_NOKM;PLN  mediu (RON/PLN) CURSL_PLNM;SEK  mediu (RON/SEK) CURSL_SEKM;TRY  mediu (RON/TRY) CURSL_TRYM;USD  mediu (RON/USD) CURSL_USDM;XAU  mediu (RON/XAU) CURSL_XAUM;XDR  mediu (RON/XDR) CURSL_XDRM;RUB  mediu (RON/RUB) CURSL_RUBM;SKK  mediu (RON/SKK) CURSL_SKKM;BGN  mediu (RON/BGN) CURSL_BGNM;ZAR  mediu (RON/ZAR) CURSL_ZARM;BRL  mediu (RON/BRL) CURSL_BRLM;CNY  mediu (RON/CNY) CURSL_CNYM;INR  mediu (RON/INR) CURSL_INRM;KRW  mediu (RON/KRW) CURSL_KRWM;MXN  mediu (RON/MXN) CURSL_MXNM;NZD  mediu (RON/NZD) CURSL_NZDM;RSD  mediu (RON/RSD) CURSL_RSDM;UAH  mediu (RON/UAH) CURSL_UAHM;AED  mediu (RON/AED) CURSL_AEDM;HRK  mediu (RON/HRK) CURSL_HRKM;AUD  sfârşitul perioadei (RON/AUD) CURSL_AUDF;CAD  sfârşitul perioadei (RON/CAD) CURSL_CADF;CHF  sfârşitul perioadei (RON/CHF) CURSL_CHFF;CZK  sfârşitul perioadei (RON/CZK) CURSL_CZKF;DKK  sfârşitul perioadei (RON/DKK) CURSL_DKKF;EGP  sfârşitul perioadei (RON/EGP) CURSL_EGPF;EUR  sfârşitul perioadei (RON/EUR) CURSL_EURF;GBP  sfârşitul perioadei (RON/GBP) CURSL_GBPF;HUF  sfârşitul perioadei (RON/HUF) CURSL_HUFF;JPY  sfârşitul perioadei (RON/JPY) CURSL_JPYF;MDL  sfârşitul perioadei (RON/MDL) CURSL_MDLF;NOK  sfârşitul perioadei (RON/NOK) CURSL_NOKF;PLN  sfârşitul perioadei (RON/PLN) CURSL_PLNF;SEK  sfârşitul perioadei (RON/SEK) CURSL_SEKF;TRY  sfârşitul perioadei (RON/TRY) CURSL_TRYF;USD  sfârşitul perioadei (RON/USD) CURSL_USDF;XAU  sfârşitul perioadei (RON/XAU) CURSL_XAUF;XDR  sfârşitul perioadei (RON/XDR) CURSL_XDRF;RUB  sfârşitul perioadei (RON/RUB) CURSL_RUBF;SKK  sfârşitul perioadei (RON/SKK) CURSL_SKKF;BGN  sfârşitul perioadei (RON/BGN) CURSL_BGNF;ZAR  sfârşitul perioadei (RON/ZAR) CURSL_ZARF;BRL  sfârşitul perioadei (RON/BRL) CURSL_BRLF;CNY  sfârşitul perioadei (RON/CNY) CURSL_CNYF;INR  sfârşitul perioadei (RON/INR) CURSL_INRF;KRW  sfârşitul perioadei (RON/KRW) CURSL_KRWF;MXN  sfârşitul perioadei (RON/MXN) CURSL_MXNF;NZD  sfârşitul perioadei (RON/NZD) CURSL_NZDF;RSD  sfârşitul perioadei (RON/RSD) CURSL_RSDF;UAH  sfârşitul perioadei (RON/UAH) CURSL_UAHF;AED  sfârşitul perioadei (RON/AED) CURSL_AEDF;HRK  sfârşitul perioadei (RON/HRK) CURSL_HRKF;THB  mediu (RON/THB) CURSL_THBM;THB  sfârşitul perioadei (RON/THB) CURSL_THBF
iun. 2017;3,0828;3,0641;4,2036;0,1741;0,6147;0,2248;4,5714;5,2055;0,014828;0,036715;0,2234;0,4813;1,0852;0,4688;1,1564;4,0714;164,9773;5,6322;0,0701;-;2,3373;0,3154;1,2348;0,5980;0,0632;0,003594;0,2247;2,9475;0,0375;0,1562;1,1085;0,6169;3,0665;3,0723;4,1655;0,1737;0,6124;0,2203;4,5539;5,1852;0,014734;0,035664;0,2199;0,4757;1,0777;0,4714;1,1326;3,9915;159,6080;5,5552;0,0672;-;2,3284;0,3053;1,2080;0,5888;0,0617;0,003489;0,2211;2,9255;0,0378;0,1532;1,0867;0,6146;0,1198;0,1175
mai. 2017;3,0627;3,0302;4,1783;0,1712;0,6121;0,2277;4,5540;5,3270;0,014697;0,036723;0,2211;0,4844;1,0835;0,4691;1,1541;4,1213;165,1819;5,6655;0,0722;-;2,3284;0,3104;1,2868;0,5985;0,0640;0,003660;0,2194;2,8637;0,0370;0,1559;1,1221;0,6127;3,0441;3,0368;4,1977;0,1728;0,6143;0,2252;4,5702;5,2312;0,014855;0,036870;0,2248;0,4836;1,0956;0,4679;1,1546;4,0844;166,0979;5,6445;0,0720;-;2,3367;0,3116;1,2537;0,5991;0,0633;0,003651;0,2189;2,9027;0,0373;0,1553;1,1120;0,6163;-;-
apr. 2017;3,1831;3,1477;4,2233;0,1688;0,6091;0,2333;4,5299;5,3375;0,014537;0,038352;0,2188;0,4927;1,0682;0,4722;1,1567;4,2259;172,3542;5,7525;0,0748;-;2,3161;0,3138;1,3480;0,6132;0,0655;0,003726;0,2253;2,9451;0,0367;0,1570;1,1505;0,6081;3,0998;3,0381;4,1837;0,1682;0,6094;0,2297;4,5333;5,3604;0,014522;0,037195;0,2160;0,4860;1,0739;0,4703;1,1660;4,1453;168,8079;5,6828;0,0727;-;2,3178;0,3117;1,3026;0,6012;0,0645;0,003640;0,2177;2,8448;0,0368;0,1560;1,1286;0,6067;-;-
mar. 2017;3,2433;3,1794;4,2478;0,1683;0,6117;0,2407;4,5482;5,2504;0,014684;0,037672;0,2157;0,5005;1,0604;0,4774;1,1600;4,2563;168,4562;5,7656;0,0735;-;2,3255;0,3294;1,3619;0,6171;0,0647;0,003753;0,2203;2,9815;0,0367;0,1575;1,1588;0,6127;3,2586;3,1914;4,2563;0,1682;0,6119;0,2336;4,5511;5,3015;0,014762;0,038048;0,2176;0,4961;1,0782;0,4772;1,1721;4,2615;170,1555;5,7799;0,0758;-;2,3269;0,3187;1,3533;0,6183;0,0657;0,003808;0,2282;2,9766;0,0367;0,1574;1,1602;0,6117;-;-
feb. 2017;3,2500;3,2369;4,2335;0,1670;0,6069;0,2499;4,5120;5,2950;0,014626;0,037537;0,2120;0,5091;1,0470;0,4762;1,1570;4,2411;168,2271;5,7449;0,0726;-;2,3070;0,3213;1,3660;0,6170;0,0633;0,003711;0,2087;3,0626;0,0364;0,1565;1,1547;0,6058;3,2690;3,2332;4,2416;0,1671;0,6076;0,2684;4,5160;5,2992;0,014674;0,037938;0,2134;0,5094;1,0460;0,4723;1,1808;4,2610;171,5721;5,7665;0,0735;-;2,3090;0,3280;1,3705;0,6203;0,0638;0,003779;0,2134;3,0649;0,0364;0,1581;1,1601;0,6072;-;-
ian. 2017;3,1601;3,2116;4,2021;0,1666;0,6054;0,2275;4,5016;5,2240;0,014571;0,036842;0,2107;0,5002;1,0310;0,4735;1,1276;4,2401;162,4465;5,7238;0,0709;-;2,3017;0,3126;1,3246;0,6149;0,0623;0,003587;0,1982;3,0174;0,0364;0,1558;1,1544;0,5978;3,1776;3,2089;4,2267;0,1667;0,6055;0,2247;4,5038;5,2324;0,014468;0,036985;0,2108;0,5063;1,0399;0,4769;1,1087;4,2072;162,1403;5,7042;0,0700;-;2,3027;0,3106;1,3454;0,6114;0,0620;0,003613;0,2021;3,0631;0,0363;0,1546;1,1455;0,6021;-;-
dec. 2016;3,1448;3,2099;4,1998;0,1671;0,6075;0,2305;4,5173;5,3454;0,014467;0,036867;0,2126;0,5004;1,0181;0,4652;1,2236;4,2820;158,4510;5,7685;0,0692;-;2,3097;0,3090;1,2743;0,6184;0,0631;0,003614;0,2086;3,0140;0,0366;0,1629;1,1658;0,5992;3,1094;3,1921;4,2245;0,1680;0,6108;0,2326;4,5411;5,2961;0,014627;0,036834;0,2174;0,5001;1,0264;0,4740;1,2217;4,3033;160,4449;5,7868;0,0699;-;2,3218;0,3144;1,3222;0,6197;0,0634;0,003581;0,2076;2,9938;0,0368;0,1588;1,1716;0,6007;-;-
nov. 2016;3,1454;3,1014;4,1925;0,1668;0,6061;0,2729;4,5102;5,1826;0,014613;0,038645;0,2076;0,4965;1,0283;0,4578;1,2722;4,1710;166,5772;5,6995;0,0648;-;2,3060;0,2996;1,2494;0,6097;0,0617;0,003585;0,2080;2,9831;0,0366;0,1620;1,1356;0,5997;3,1808;3,1683;4,1990;0,1670;0,6070;0,2377;4,5162;5,3110;0,014515;0,037864;0,2100;0,4977;1,0205;0,4624;1,2458;4,2616;162,7588;5,7646;0,0655;-;2,3091;0,3057;1,2529;0,6178;0,0621;0,003636;0,2062;3,0232;0,0367;0,1665;1,1603;0,5990;-;-
oct. 2016;3,1055;3,0792;4,1294;0,1663;0,6040;0,4590;4,4942;5,0298;0,014642;0,039266;0,2047;0,4992;1,0432;0,4633;1,3249;4,0756;166,2981;5,6278;0,0651;-;2,2979;0,2923;1,2781;0,6056;0,0611;0,003617;0,2156;2,9174;0,0365;0,1581;1,1096;0,5987;3,1280;3,0718;4,1598;0,1667;0,6056;0,4632;4,5057;5,0069;0,014602;0,039190;0,2059;0,4980;1,0422;0,4566;1,3253;4,1131;168,5008;5,6530;0,0651;-;2,3037;0,3020;1,2831;0,6073;0,0616;0,003592;0,2172;2,9437;0,0366;0,1609;1,1198;0,6001;-;-
sep. 2016;3,0138;3,0333;4,0754;0,1647;0,5976;0,4475;4,4506;5,2208;0,014417;0,038976;0,2006;0,4838;1,0298;0,4653;1,3376;3,9700;169,3589;5,5539;0,0616;-;2,2755;0,2828;1,2218;0,5949;0,0595;0,003578;0,2071;2,9036;0,0361;0,1507;1,0808;0,5935;3,0334;3,0250;4,1041;0,1648;0,5975;0,4484;4,4523;5,1627;0,014386;0,039373;0,2009;0,4949;1,0325;0,4627;1,3255;3,9822;169,8734;5,5611;0,0629;-;2,2764;0,2857;1,2216;0,5971;0,0598;0,003615;0,2035;2,8906;0,0361;0,1536;1,0841;0,5927;-;-
aug. 2016;3,0349;3,0618;4,0998;0,1650;0,5993;0,4489;4,4594;5,2208;0,014366;0,039281;0,2010;0,4787;1,0364;0,4699;1,3425;3,9775;171,4264;5,5662;0,0612;-;2,2800;0,2892;1,2395;0,5982;0,0594;0,003579;0,2150;2,8786;0,0362;0,1585;1,0829;0,5957;3,0044;3,0507;4,0614;0,1648;0,5983;0,4550;4,4535;5,2459;0,014365;0,038733;0,1995;0,4799;1,0225;0,4680;1,3508;3,9945;168,7702;5,5710;0,0613;-;2,2770;0,2764;1,2340;0,5981;0,0596;0,003582;0,2127;2,8971;0,0362;0,1545;1,0875;0,5954;-;-
iul. 2016;3,0533;3,1097;4,1282;0,1659;0,6030;0,4569;4,4858;5,3310;0,014265;0,038956;0,2045;0,4787;1,0201;0,4736;1,3689;4,0529;174,3899;5,6355;0,0630;-;2,2936;0,2810;1,2366;0,6069;0,0603;0,003548;0,2182;2,8926;0,0364;0,1631;1,1034;0,5988;3,0187;3,0534;4,1184;0,1651;0,6003;0,4527;4,4654;5,2967;0,014285;0,038831;0,2037;0,4700;1,0225;0,4665;1,3341;4,0203;172,4392;5,6001;0,0601;-;2,2831;0,2835;1,2214;0,6044;0,0600;0,003579;0,2121;2,8548;0,0363;0,1623;1,0945;0,5967;-;-
iun. 2016;2,9780;3,1225;4,1484;0,1671;0,6080;0,4534;4,5218;5,7168;0,014403;0,038171;0,2031;0,4845;1,0277;0,4847;1,3798;4,0257;164,8469;5,6661;0,0617;-;2,3120;0,2668;1,1735;0,6105;0,0598;0,003446;0,2158;2,8309;0,0366;0,1612;1,0960;0,6013;3,0239;3,1391;4,1572;0,1669;0,6077;0,4575;4,5210;5,4634;0,014281;0,039519;0,2052;0,4854;1,0204;0,4795;1,4069;4,0624;171,9706;5,6782;0,0634;-;2,3116;0,2758;1,2509;0,6112;0,0602;0,003529;0,2197;2,8917;0,0367;0,1631;1,1060;0,6007;-;-
mai. 2016;2,9058;3,0734;4,0689;0,1664;0,6049;0,4487;4,4994;5,7830;0,014298;0,036507;0,2002;0,4832;1,0214;0,4841;1,3513;3,9802;160,8712;5,6138;0,0605;-;2,3005;0,2589;1,1269;0,6093;0,0595;0,003382;0,2190;2,7033;0,0366;0,1576;1,0836;0,6003;2,9310;3,0996;4,0858;0,1670;0,6066;0,4560;4,5115;5,9070;0,014363;0,036455;0,2024;0,4837;1,0290;0,4859;1,3697;4,0491;157,6803;5,6777;0,0614;-;2,3067;0,2560;1,1356;0,6150;0,0602;0,003403;0,2194;2,7228;0,0367;0,1613;1,1024;0,6034;-;-
apr. 2016;3,0243;3,0736;4,0925;0,1655;0,6009;0,4446;4,4727;5,6446;0,014358;0,036007;0,2002;0,4800;1,0381;0,4860;1,3907;3,9455;157,5814;5,5582;0,0593;-;2,2869;0,2700;1,1098;0,6090;0,0593;0,003441;0,2255;2,7187;0,0364;0,1540;1,0742;0,5969;3,0047;3,1450;4,0843;0,1655;0,6015;0,4431;4,4774;5,7369;0,014364;0,036741;0,1995;0,4855;1,0163;0,4883;1,4036;3,9348;161,3583;5,5723;0,0611;-;2,2893;0,2776;1,1287;0,6065;0,0592;0,003450;0,2293;2,7502;0,0366;0,1564;1,0713;0,5958;-;-
mar. 2016;3,0115;3,0358;4,0889;0,1651;0,5989;0,4765;4,4657;5,7155;0,014349;0,035597;0,2034;0,4734;1,0408;0,4809;1,3918;4,0201;160,8297;5,6075;0,0574;-;2,2833;0,2604;1,0845;0,6178;0,0600;0,003396;0,2277;2,7057;0,0363;0,1510;1,0945;0,5909;3,0211;3,0385;4,0872;0,1654;0,6004;0,4431;4,4738;5,6566;0,014235;0,035006;0,2012;0,4747;1,0486;0,4839;1,3928;3,9349;156,1066;5,5409;0,0584;-;2,2875;0,2655;1,0941;0,6089;0,0594;0,003451;0,2282;2,7254;0,0364;0,1494;1,0713;0,5946;-;-
feb. 2016;2,8825;2,9253;4,0676;0,1657;0,6006;0,5159;4,4818;5,7823;0,014454;0,035200;0,2010;0,4691;1,0193;0,4766;1,3728;4,0395;155,2519;5,6296;0,0524;-;2,2915;0,2563;1,0194;0,6168;0,0592;0,003321;0,2191;2,6797;0,0365;0,1554;1,0998;0,5869;2,9287;3,0188;4,0966;0,1652;0,5991;0,5232;4,4692;5,6745;0,014382;0,036294;0,2022;0,4705;1,0244;0,4796;1,3823;4,0970;162,5500;5,6634;0,0538;-;2,2851;0,2548;1,0261;0,6253;0,0599;0,003307;0,2244;2,7069;0,0362;0,1507;1,1154;0,5860;-;-
ian. 2016;2,9206;2,9316;4,1422;0,1676;0,6071;0,5326;4,5303;6,0062;0,014394;0,035301;0,2051;0,4722;1,0282;0,4882;1,3848;4,1702;146,9163;5,7625;0,0541;-;2,3164;0,2550;1,0286;0,6343;0,0619;0,003463;0,2311;2,7210;0,0369;0,1718;1,1354;0,5915;2,9397;2,9504;4,0820;0,1677;0,6075;0,5303;4,5337;5,9369;0,014516;0,034393;0,2016;0,4783;1,0209;0,4862;1,4007;4,1525;148,6420;5,7331;0,0547;-;2,3180;0,2582;1,0197;0,6314;0,0612;0,003446;0,2274;2,6937;0,0367;0,1622;1,1305;0,5917;-;-
dec. 2015;3,0003;3,0192;4,1608;0,1666;0,6037;0,5286;4,5040;6,2031;0,014327;0,034014;0,2090;0,4762;1,0496;0,4872;1,4168;4,1390;142,1763;5,7371;0,0589;-;2,3029;0,2764;1,0699;0,6411;0,0622;0,003522;0,2426;2,7933;0,0370;0,1763;1,1269;0,5895;3,0333;2,9858;4,1797;0,1675;0,6064;0,5297;4,5245;6,1466;0,014346;0,034453;0,2107;0,4714;1,0605;0,4929;1,4175;4,1477;141,6693;5,7504;0,0562;-;2,3134;0,2653;1,0472;0,6387;0,0627;0,003525;0,2384;2,8421;0,0372;0,1725;1,1292;0,5923;-;-
nov. 2015;2,9578;3,1185;4,1047;0,1643;0,5958;0,5236;4,4445;6,2918;0,014231;0,033753;0,2066;0,4798;1,0460;0,4771;1,4396;4,1356;144,9792;5,7163;0,0637;-;2,2724;0,2929;1,0950;0,6492;0,0625;0,003583;0,2487;2,7142;0,0368;0,1769;1,1259;0,5845;3,0248;3,1477;4,0725;0,1645;0,5959;0,5361;4,4460;6,3171;0,014250;0,034243;0,2080;0,4829;1,0412;0,4813;1,4367;4,1975;143,8434;5,7666;0,0633;-;2,2732;0,2929;1,1214;0,6564;0,0629;0,003632;0,2529;2,7453;0,0366;0,1754;1,1428;0,5832;-;-
oct. 2015;2,8378;3,0107;4,0638;0,1631;0,5928;0,4965;4,4220;6,0347;0,014213;0,032791;0,1974;0,4760;1,0408;0,4732;1,3450;3,9346;146,4073;5,5340;0,0623;-;2,2609;0,2917;1,0146;0,6196;0,0605;0,003438;0,2374;2,6340;0,0368;0,1798;1,0712;0,5802;2,8612;3,0645;4,0778;0,1635;0,5943;0,5013;4,4322;6,1812;0,014294;0,033453;0,2018;0,4699;1,0393;0,4727;1,3812;4,0252;148,6687;5,6223;0,0628;-;2,2661;0,2921;1,0460;0,6371;0,0616;0,003539;0,2432;2,7201;0,0368;0,1754;1,0959;0,5848;-;-
sep. 2015;2,7798;2,9708;4,0512;0,1633;0,5929;0,5030;4,4232;6,0469;0,014128;0,032788;0,2005;0,4751;1,0486;0,4708;1,3055;3,9382;142,3864;5,5381;0,0590;-;2,2616;0,2888;1,0151;0,6184;0,0595;0,003321;0,2340;2,4941;0,0368;0,1809;1,0722;0,5828;2,7673;2,9354;4,0442;0,1625;0,5920;0,5024;4,4167;5,9770;0,014097;0,032713;0,1961;0,4653;1,0418;0,4703;1,2986;3,9342;142,1140;5,5242;0,0601;-;2,2582;0,2844;0,9701;0,6189;0,0599;0,003329;0,2320;2,5106;0,0369;0,1860;1,0711;0,5758;-;-
aug. 2015;2,8973;3,0216;4,1038;0,1636;0,5927;0,5074;4,4230;6,1955;0,014200;0,032247;0,2093;0,4816;1,0546;0,4649;1,3926;3,9724;142,7016;5,5706;0,0604;-;2,2614;0,3077;1,1342;0,6268;0,0610;0,003369;0,2402;2,6016;0,0368;0,1824;1,0815;0,5869;2,8172;2,9816;4,1015;0,1640;0,5939;0,5046;4,4321;6,0855;0,014094;0,032587;0,2018;0,4751;1,0478;0,4662;1,3525;3,9511;142,2425;5,5523;0,0588;-;2,2661;0,2960;1,1020;0,6196;0,0595;0,003341;0,2368;2,5328;0,0369;0,1792;1,0757;0,5866;-;-
iul. 2015;2,9901;3,1417;4,2313;0,1638;0,5949;0,5164;4,4385;6,2753;0,014248;0,032682;0,2128;0,4967;1,0686;0,4731;1,4936;4,0315;146,7231;5,6302;0,0703;-;2,2694;0,3238;1,2553;0,6493;0,0633;0,003518;0,2530;2,6820;0,0369;0,1855;1,0976;-;2,9143;3,0772;4,1733;0,1629;0,5906;0,5131;4,4070;6,2528;0,014252;0,032322;0,2143;0,4901;1,0623;0,4675;1,4421;4,0166;139,6263;5,6002;0,0666;-;2,2533;0,3153;1,1907;0,6468;0,0626;0,003427;0,2469;2,6295;0,0367;0,1904;1,0935;-;-;-
iun. 2015;3,0727;3,2219;4,2738;0,1637;0,5989;0,5217;4,4682;6,1992;0,014313;0,032183;0,2184;0,5096;1,0738;0,4820;1,4710;3,9803;151,2722;5,5945;0,0728;-;2,2846;0,3233;1,2789;0,6413;0,0623;0,003575;0,2571;2,7784;0,0371;0,1872;1,0836;-;3,0695;3,2265;4,3021;0,1641;0,5996;0,5238;4,4735;6,2896;0,014201;0,032659;0,2151;0,5096;1,0671;0,4854;1,4877;3,9969;151,4504;5,6235;0,0719;-;2,2872;0,3270;1,2788;0,6446;0,0628;0,003578;0,2550;2,7031;0,0372;0,1903;1,0882;-;-;-
mai. 2015;3,1451;3,2734;4,2805;0,1623;0,5960;0,5222;4,4469;6,1622;0,014511;0,032986;0,2218;0,5286;1,0892;0,4782;1,5067;3,9843;153,3267;5,5938;0,0788;-;2,2736;0,3327;1,3049;0,6422;0,0625;0,003642;0,2609;2,9407;0,0369;0,1862;1,0847;-;3,0958;3,2506;4,2929;0,1620;0,5951;0,5296;4,4395;6,1797;0,014355;0,032654;0,2249;0,5217;1,0767;0,4769;1,5212;4,0409;154,7024;5,6260;0,0770;-;2,2699;0,3330;1,2788;0,6519;0,0633;0,003644;0,2634;2,8811;0,0368;0,1918;1,1001;-;-;-
apr. 2015;3,1615;3,3106;4,2535;0,1609;0,5916;0,5358;4,4166;6,1121;0,014742;0,034212;0,2273;0,5179;1,0975;0,4735;1,5392;4,0881;157,7190;5,6588;0,0774;-;2,2582;0,3407;1,3405;0,6593;0,0652;0,003766;0,2689;3,1021;0,0368;0,1821;1,1130;-;3,1365;3,2833;4,2025;0,1610;0,5923;0,5181;4,4198;6,1047;0,014592;0,033238;0,2223;0,5248;1,0988;0,4763;1,4844;3,9528;152,8980;5,5582;0,0765;-;2,2598;0,3342;1,3358;0,6373;0,0621;0,003675;0,2592;3,0076;0,0368;0,1874;1,0762;-;-;-
mar. 2015;3,1655;3,2470;4,1785;0,1619;0,5943;0,5365;4,4330;6,1330;0,014610;0,034006;0,2195;0,5129;1,0742;0,4799;1,5791;4,0933;155,2988;5,6690;0,0680;-;2,2666;0,3389;1,3069;0,6561;0,0655;0,003675;0,2687;3,0570;0,0368;0,1789;1,1144;-;3,1261;3,2260;4,2179;0,1602;0,5904;0,5390;4,4098;6,0733;0,014735;0,034244;0,2215;0,5060;1,0791;0,4748;1,5693;4,1115;155,7917;5,6675;0,0710;-;2,2547;0,3363;1,2732;0,6632;0,0657;0,003706;0,2682;3,0714;0,0367;0,1753;1,1194;-;-;-
feb. 2015;3,0399;3,1197;4,1706;0,1605;0,5950;0,5114;4,4320;5,9799;0,014433;0,032884;0,2079;0,5140;1,0607;0,4671;1,5847;3,9017;154,4121;5,5115;0,0608;-;2,2660;0,3370;1,3882;0,6240;0,0629;0,003542;0,2616;2,9064;0,0365;0,1633;1,0622;-;3,0915;3,1655;4,1664;0,1615;0,5947;0,5179;4,4381;6,0875;0,014629;0,033099;0,2082;0,5171;1,0684;0,4740;1,5709;3,9515;153,1889;5,5615;0,0645;-;2,2691;0,3415;1,3586;0,6303;0,0640;0,003592;0,2631;2,9873;0,0369;0,1173;1,0758;-;-;-
ian. 2015;3,1217;3,1959;4,1485;0,1608;0,6031;0,5311;4,4877;5,8559;0,014171;0,032735;0,2306;0,5019;1,0480;0,4766;1,6567;3,8690;155,8340;5,4979;0,0598;-;2,2945;0,3341;1,4708;0,6221;0,0623;0,003556;0,2633;2,9523;0,0366;0,2476;1,0534;-;3,0320;3,0935;4,2438;0,1596;0,5968;0,5159;4,4424;5,9039;0,014246;0,033303;0,2200;0,5020;1,0549;0,4738;1,6151;3,9157;159,2492;5,5220;0,0555;-;2,2713;0,3368;1,5039;0,6265;0,0632;0,003571;0,2638;2,8390;0,0360;0,2511;1,0661;-;-;-
dec. 2014;2,9857;3,1378;3,7083;0,1614;0,5993;0,5061;4,4591;5,6587;0,014342;0,030328;0,2345;0,4959;1,0579;0,4744;1,5769;3,6185;139,7694;5,2695;0,0637;-;2,2799;0,3149;1,3701;0,5845;0,0577;0,003283;0,2492;2,8085;0,0367;0,2333;0,9852;-;3,0232;3,1836;3,7273;0,1616;0,6020;0,5157;4,4821;5,7430;0,014211;0,030866;0,2359;0,4987;1,0475;0,4778;1,5834;3,6868;142,1646;5,3402;0,0628;-;2,2916;0,3187;1,3874;0,5941;0,0584;0,003389;0,2507;2,8903;0,0369;0,2361;1,0038;-;-;-
nov. 2014;3,0703;3,1326;3,6823;0,1600;0,5952;0,4966;4,4289;5,6019;0,014426;0,030553;0,2373;0,5213;1,0514;0,4795;1,5882;3,5507;134,3188;5,2084;0,0771;-;2,2644;0,3201;1,3945;0,5796;0,0575;0,003233;0,2608;2,7811;0,0369;0,2507;0,9667;-;3,0280;3,1193;3,6811;0,1599;0,5946;0,4970;4,4247;5,5751;0,014386;0,030059;0,2368;0,5087;1,0582;0,4782;1,6070;3,5533;135,2576;5,1995;0,0718;-;2,2623;0,3229;1,4042;0,5784;0,0573;0,003207;0,2575;2,7920;0,0367;0,2364;0,9674;-;-;-
oct. 2014;3,0572;3,1057;3,6555;0,1601;0,5931;0,4872;4,4152;5,5970;0,014346;0,032256;0,2374;0,5312;1,0498;0,4809;1,5442;3,4835;137,0312;5,1782;0,0851;-;2,2574;0,3146;1,4229;0,5687;0,0568;0,003281;0,2585;2,7423;0,0370;0,2696;0,9484;-;3,0957;3,1336;3,6583;0,1590;0,5928;0,4909;4,4139;5,6153;0,014373;0,031381;0,2376;0,5222;1,0508;0,4766;1,5974;3,5098;132,4656;5,1865;0,0831;-;2,2568;0,3230;1,4594;0,5742;0,0572;0,003285;0,2617;2,7571;0,0371;0,2721;0,9556;-;-;-
sep. 2014;3,0947;3,1050;3,6517;0,1598;0,5923;0,4778;4,4100;5,5722;0,014079;0,031860;0,2382;0,5390;1,0526;0,4798;1,5455;3,4160;136,3025;5,1240;0,0899;-;2,2546;0,3116;1,4690;0,5565;0,0561;0,003302;0,2583;2,7830;0,0372;0,2582;0,9300;-;3,0548;3,1351;3,6568;0,1604;0,5927;0,4898;4,4114;5,6735;0,014223;0,031939;0,2387;0,5435;1,0573;0,4822;1,5373;3,5019;136,1476;5,1936;0,0887;-;2,2555;0,3112;1,4313;0,5705;0,0567;0,003320;0,2598;2,7161;0,0371;0,2712;0,9534;-;-;-
aug. 2014;3,0920;3,0404;3,6514;0,1591;0,5935;0,4647;4,4249;5,5506;0,014091;0,032270;0,2402;0,5361;1,0553;0,4817;1,5372;3,3225;138,3418;5,0711;0,0918;-;2,2624;0,3112;1,4652;0,5399;0,0546;0,003242;0,2525;2,8018;0,0377;0,2595;0,9046;-;3,1291;3,0857;3,6583;0,1588;0,5921;0,4684;4,4126;5,5567;0,013985;0,032232;0,2398;0,5415;1,0451;0,4812;1,5524;3,3490;138,4389;5,0836;0,0907;-;2,2561;0,3157;1,4951;0,5451;0,0553;0,003302;0,2557;2,8069;0,0374;0,2472;0,9118;-;-;-
iul. 2014;3,0570;3,0350;3,6294;0,1606;0,5914;0,4554;4,4097;5,5598;0,014233;0,032015;0,2322;0,5254;1,0639;0,4776;1,5366;3,2558;137,4287;5,0186;0,0938;-;2,2547;0,3054;1,4655;0,5252;0,0542;0,003190;0,2508;2,8294;0,0379;0,2768;0,8864;-;3,0688;3,0244;3,6313;0,1605;0,5926;0,4618;4,4188;5,5723;0,014164;0,032108;0,2364;0,5257;1,0623;0,4790;1,5455;3,3016;137,3685;5,0552;0,0928;-;2,2593;0,3086;1,4694;0,5348;0,0546;0,003212;0,2504;2,8035;0,0378;0,2769;0,8989;-;-;-
iun. 2014;3,0291;2,9863;3,6084;0,1601;0,5893;0,4523;4,3951;5,4690;0,014363;0,031699;0,2323;0,5349;1,0625;0,4836;1,5248;3,2339;132,9692;4,9841;0,0940;-;2,2472;0,3027;1,4475;0,5190;0,0541;0,003173;0,2489;2,7899;0,0380;0,2729;0,8804;-;3,0206;3,0075;3,6097;0,1598;0,5884;0,4495;4,3870;5,4701;0,014160;0,031700;0,2299;0,5215;1,0543;0,4777;1,5124;3,2138;135,6324;4,9676;0,0945;-;2,2431;0,3028;1,4650;0,5180;0,0535;0,003176;0,2474;2,8079;0,0379;0,2701;0,8750;-;-;-
mai. 2014;2,9977;2,9579;3,6250;0,1612;0,5928;0,4543;4,4245;5,4259;0,014531;0,031655;0,2351;0,5426;1,0586;0,4901;1,5397;3,2205;133,5073;4,9823;0,0924;-;2,2623;0,3093;1,4506;0,5163;0,0543;0,003143;0,2490;2,7714;0,0383;0,2722;0,8768;-;3,0078;2,9833;3,6038;0,1601;0,5893;0,4518;4,3986;5,4070;0,014539;0,031785;0,2336;0,5405;1,0624;0,4845;1,5436;3,2307;130,2523;4,9777;0,0929;-;2,2490;0,3094;1,4511;0,5171;0,0547;0,003167;0,2515;2,7418;0,0381;0,2727;0,8796;-;-;-
apr. 2014;3,0097;2,9381;3,6603;0,1625;0,5977;0,4625;4,4620;5,4076;0,014517;0,031505;0,2405;0,5407;1,0661;0,4938;1,5177;3,2299;134,8972;5,0005;0,0905;-;2,2814;0,3062;1,4464;0,5189;0,0535;0,003097;0,2472;2,7804;0,0386;0,2766;0,8793;-;2,9857;2,9374;3,6488;0,1621;0,5962;0,4599;4,4503;5,4130;0,014472;0,031392;0,2381;0,5392;1,0596;0,4906;1,5219;3,2194;133,7335;4,9879;0,0901;-;2,2754;0,3050;1,4398;0,5143;0,0534;0,003116;0,2457;2,7547;0,0385;0,2775;0,8765;-;-;-
mar. 2014;2,9518;2,9264;3,6896;0,1640;0,6020;0,4670;4,4931;5,4028;0,014425;0,031771;0,2406;0,5417;1,0698;0,5068;1,4663;3,2508;139,7075;5,0302;0,0899;-;2,2973;0,3024;1,3956;0,5266;0,0533;0,003036;0,2462;2,7737;0,0388;0,3343;0,8850;-;2,9824;2,9217;3,6525;0,1624;0,5968;0,4637;4,4553;5,3753;0,014509;0,031292;0,2412;0,5391;1,0685;0,4979;1,5030;3,2304;134,6268;4,9919;0,0913;-;2,2780;0,3054;1,4272;0,5196;0,0539;0,003033;0,2474;2,7983;0,0386;0,2876;0,8795;-;-;-
feb. 2014;2,9495;2,9751;3,6768;0,1636;0,6018;0,4723;4,4906;5,4416;0,014480;0,032226;0,2438;0,5371;1,0753;0,5063;1,4866;3,2874;137,2409;5,0631;0,0931;-;2,2960;0,2997;1,3788;0,5406;0,0528;0,003069;0,2473;2,7265;0,0387;0,3722;0,8950;-;2,9232;2,9316;3,6989;0,1646;0,6029;0,4686;4,4995;5,4563;0,014496;0,032019;0,2409;0,5435;1,0811;0,5081;1,4743;3,2618;139,1144;5,0490;0,0904;-;2,3006;0,3056;1,4049;0,5308;0,0526;0,003056;0,2460;2,7435;0,0388;0,3278;0,8881;-;-;-
ian. 2014;2,9386;3,0326;3,6713;0,1645;0,6060;0,4770;4,5219;5,4685;0,014947;0,031963;0,2517;0,5383;1,0816;0,5118;1,4915;3,3206;132,8483;5,0981;0,0981;-;2,3121;0,3046;1,3945;0,5487;0,0535;0,003109;0,2510;2,7486;0,0391;0,3973;0,9040;-;2,9030;2,9697;3,6760;0,1634;0,6027;0,4772;4,4978;5,4671;0,014467;0,032434;0,2470;0,5308;1,0614;0,5081;1,4641;3,3221;133,1168;5,0944;0,0944;-;2,2997;0,2953;1,3774;0,5481;0,0530;0,003072;0,2484;2,7049;0,0388;0,3854;0,9044;-;-;-
dec. 2013;2,9275;3,0613;3,6440;0,1623;0,5983;0,4721;4,4633;5,3376;0,014864;0,031513;0,2499;0,5306;1,0686;0,4983;1,5799;3,2581;127,9540;5,0121;0,0990;-;2,2821;0,3138;1,3888;0,5363;0,0527;0,003085;0,2505;2,6784;0,0389;0,3959;0,8870;-;2,9020;3,0575;3,6546;0,1637;0,6012;0,4684;4,4847;5,3812;0,015091;0,030997;0,2496;0,5355;1,0812;0,5079;1,5268;3,2551;125,8097;5,0178;0,0992;-;2,2930;0,3099;1,3780;0,5377;0,0527;0,003083;0,2486;2,6756;0,0391;0,4008;0,8862;-;-;-
nov. 2013;3,0714;3,1417;3,6084;0,1655;0,5959;0,4782;4,4448;5,3039;0,014931;0,032930;0,2540;0,5413;1,0610;0,5004;1,6263;3,2935;135,2668;5,0410;0,1006;-;2,2726;0,3228;1,4360;0,5405;0,0526;0,003099;0,2518;2,7216;0,0390;0,4026;0,8967;-;2,9695;3,0833;3,6071;0,1621;0,5954;0,4742;4,4412;5,3281;0,014760;0,031912;0,2490;0,5320;1,0563;0,4979;1,6156;3,2644;130,6920;5,0107;0,0984;-;2,2708;0,3191;1,4081;0,5357;0,0523;0,003085;0,2493;2,6504;0,0390;0,3962;0,8887;-;-;-
oct. 2013;3,1027;3,1460;3,6101;0,1732;0,5961;0,4731;4,4462;5,2478;0,015078;0,033341;0,2503;0,5474;1,0611;0,5083;1,6405;3,2599;137,7462;5,0181;0,1016;-;2,2733;0,3288;1,4884;0,5341;0,0529;0,003056;0,2507;2,7198;0,0390;0,3982;0,8876;-;3,0871;3,1043;3,5922;0,1723;0,5941;0,4709;4,4306;5,1993;0,015055;0,033038;0,2512;0,5465;1,0607;0,5033;1,6300;3,2441;139,0025;4,9920;0,1011;-;2,2654;0,3261;1,4854;0,5323;0,0528;0,003061;0,2509;2,6895;0,0389;0,3951;0,8832;-;-;-
sep. 2013;3,1034;3,2280;3,6174;0,1730;0,5984;0,4841;4,4627;5,3008;0,014894;0,033715;0,2601;0,5598;1,0537;0,5144;1,6555;3,3437;144,9838;5,0908;0,1025;-;2,2818;0,3349;1,4710;0,5463;0,0524;0,003086;0,2559;2,7207;0,0389;0,4091;0,9104;-;3,0848;3,2071;3,6505;0,1736;0,5980;0,4796;4,4604;5,3360;0,014982;0,033763;0,2550;0,5491;1,0579;0,5151;1,6202;3,3051;141,9124;5,0689;0,1018;-;2,2806;0,3276;1,4646;0,5399;0,0528;0,003077;0,2515;2,7357;0,0389;0,4032;0,8999;-;-;-
aug. 2013;3,0054;3,1989;3,5964;0,1718;0,5947;0,4766;4,4353;5,1589;0,014811;0,034030;0,2613;0,5583;1,0487;0,5096;1,6976;3,3306;144,2201;5,0587;0,1008;-;2,2678;0,3305;1,4233;0,5440;0,0529;0,002984;0,2581;2,6333;0,0389;0,4100;0,9068;-;2,9907;3,1802;3,6017;0,1724;0,5948;0,4796;4,4367;5,1909;0,014756;0,034148;0,2612;0,5486;1,0407;0,5078;1,6452;3,3510;150,0388;5,0775;0,1008;-;2,2685;0,3242;1,4196;0,5475;0,0507;0,003019;0,2512;2,6027;0,0388;0,4124;0,9122;-;-;-
iul. 2013;3,1004;3,2488;3,5796;0,1706;0,5934;0,4826;4,4257;5,1355;0,015007;0,033958;0,2672;0,5614;1,0349;0,5110;1,7501;3,3829;139,6598;5,0857;0,1032;-;2,2628;0,3411;1,5050;0,5515;0,0565;0,003004;0,2653;2,6681;0,0389;0,4127;0,9210;-;2,9970;3,2215;3,5778;0,1707;0,5909;0,4739;4,4048;5,0473;0,014685;0,033975;0,2608;0,5593;1,0383;0,5054;1,7182;3,3169;142,0122;5,0236;0,1005;-;2,2522;0,3363;1,4555;0,5413;0,0545;0,002956;0,2594;2,6514;0,0386;0,4088;0,9032;-;-;-
iun. 2013;3,2025;3,2932;3,6312;0,1739;0,6003;0,4849;4,4765;5,2533;0,015146;0,034869;0,2728;0,5797;1,0468;0,5164;1,7894;3,3923;146,7541;5,1375;0,1049;-;2,2888;0,3388;1,5660;0,5531;0,0582;0,002990;0,2627;2,6835;0,0392;0,4161;0,9236;-;3,1579;3,2596;3,6123;0,1718;0,5978;0,4865;4,4588;5,2077;0,015101;0,034480;0,2733;0,5652;1,0302;0,5074;1,7745;3,4151;132,1562;5,1353;0,1043;-;2,2798;0,3423;1,5532;0,5564;0,0576;0,002991;0,2621;2,6641;0,0392;0,4164;0,9298;-;-;-
mai. 2013;3,2989;3,2716;3,4941;0,1674;0,5819;0,4798;4,3375;5,1064;0,014842;0,033104;0,2701;0,5737;1,0374;0,5058;1,8277;3,3430;151,7240;5,0085;0,1066;-;2,2178;0,3562;1,6418;0,5446;0,0607;0,003003;0,2715;2,7475;0,0391;0,4108;0,9102;-;3,2318;3,2595;3,5336;0,1699;0,5874;0,4830;4,3794;5,1296;0,014764;0,033568;0,2695;0,5741;1,0201;0,5091;1,7830;3,3737;152,9066;5,0547;0,1056;-;2,2392;0,3317;1,5986;0,5499;0,0595;0,002981;0,2615;2,6938;0,0389;0,4134;0,9184;-;-;-
apr. 2013;3,4974;3,3055;3,5908;0,1695;0,5875;0,4898;4,3802;5,1512;0,014653;0,034464;0,2729;0,5808;1,0582;0,5191;1,8733;3,3666;161,5289;5,0636;0,1075;-;2,2396;0,3695;1,6801;0,5442;0,0620;0,003004;0,2758;2,8530;0,0393;0,4140;0,9166;-;3,4247;3,2717;3,5320;0,1677;0,5798;0,4769;4,3237;5,1289;0,014436;0,033931;0,2685;0,5673;1,0432;0,5051;1,8396;3,3075;156,5432;4,9917;0,1065;-;2,2107;0,3689;1,6450;0,5365;0,0614;0,003002;0,2712;2,8321;0,0390;0,4079;0,9005;-;-;-
mar. 2013;3,5025;3,3061;3,5812;0,1712;0,5891;0,4999;4,3915;5,1113;0,014489;0,035750;0,2749;0,5866;1,0567;0,5262;1,8724;3,3879;173,4371;5,0935;0,1099;-;2,2454;0,3688;1,7064;0,5451;0,0623;0,003072;0,2708;2,8055;0,0393;0,4165;0,9224;-;3,5877;3,3881;3,6275;0,1712;0,5923;0,5064;4,4154;5,2352;0,014511;0,036620;0,2779;0,5901;1,0574;0,5286;1,9039;3,4455;177,8920;5,1661;0,1110;-;2,2576;0,3726;1,7019;0,5547;0,0635;0,003100;0,2790;2,8818;0,0395;0,4229;0,9380;-;-;-
feb. 2013;3,3837;3,2528;3,5645;0,1722;0,5878;0,4879;4,3848;5,0819;0,014982;0,035244;0,2709;0,5902;1,0512;0,5152;1,8470;3,2816;172,0183;5,0112;0,1087;-;2,2419;0,3693;1,6616;0,5265;0,0609;0,003019;0,2580;2,7523;0,0394;0,4033;0,8934;-;3,4207;3,2563;3,5796;0,1704;0,5861;0,4947;4,3698;5,0606;0,014743;0,036193;0,2723;0,5838;1,0514;0,5169;1,8551;3,3345;170,4722;5,0488;0,1091;-;2,2343;0,3768;1,6871;0,5359;0,0613;0,003076;0,2610;2,7691;0,0392;0,4088;0,9078;-;-;-
ian. 2013;3,4601;3,3208;3,5615;0,1713;0,5870;0,5009;4,3793;5,2563;0,014902;0,037003;0,2717;0,5929;1,0570;0,5077;1,8610;3,2949;177,0196;5,0582;0,1090;-;2,2391;0,3742;1,6227;0,5296;0,0607;0,003090;0,2596;2,7584;0,0391;0,4065;0,8971;-;3,3674;3,2262;3,5483;0,1709;0,5874;0,4815;4,3828;5,1114;0,014990;0,035523;0,2674;0,5891;1,0449;0,5085;1,8346;3,2332;174,0075;4,9850;0,1075;-;2,2409;0,3597;1,6270;0,5199;0,0608;0,002976;0,2545;2,7089;0,0393;0,3969;0,8803;-;-;-
dec. 2012;3,5847;3,4594;3,7128;0,1781;0,6018;0,5554;4,4895;5,5288;0,015720;0,040979;0,2808;0,6101;1,0962;0,5188;1,9164;3,4240;185,8160;5,2684;0,1114;-;2,2955;0,3964;1,6443;0,5493;0,0627;0,003183;0,2662;2,8477;0,0395;0,4220;0,9322;-;3,4841;3,3736;3,6681;0,1763;0,5936;0,5275;4,4287;5,4297;0,015135;0,038994;0,2769;0,6010;1,0829;0,5154;1,8798;3,3575;179,6287;5,1637;0,1102;-;2,2644;0,3956;1,6397;0,5389;0,0614;0,003156;0,2578;2,7603;0,0390;0,4144;0,9140;-;-;-
nov. 2012;3,6717;3,5398;3,7551;0,1785;0,6067;0,5780;4,5255;5,6325;0,016025;0,043625;0,2862;0,6167;1,0944;0,5259;1,9670;3,5289;195,6322;5,3964;0,1124;-;2,3139;0,4011;1,7113;0,5661;0,0643;0,003244;0,2698;2,8914;0,0401;0,4309;0,9608;-;3,6298;3,4984;3,7424;0,1787;0,6040;0,5676;4,5059;5,5536;0,016125;0,042236;0,2822;0,6139;1,0996;0,5236;1,9416;3,4687;192,3210;5,3229;0,1120;-;2,3039;0,3961;1,6575;0,5569;0,0632;0,003201;0,2681;2,8659;0,0399;0,4248;0,9444;-;-;-
oct. 2012;3,6185;3,5627;3,7680;0,1828;0,6112;0,5759;4,5583;5,6511;0,016160;0,044508;0,2868;0,6154;1,1093;0,5292;1,9483;3,5134;197,2855;5,4128;0,1129;-;2,3307;0,4062;1,7300;0,5608;0,0662;0,003176;0,2726;2,8821;0,0401;0,4309;0,9566;-;3,6247;3,4985;3,7550;0,1813;0,6080;0,5707;4,5358;5,6213;0,015991;0,043687;0,2857;0,6132;1,0963;0,5275;1,9438;3,4873;192,7190;5,3727;0,1115;-;2,3192;0,4025;1,7174;0,5591;0,0648;0,003199;0,2676;2,8687;0,0400;0,4271;0,9495;-;-;-
sep. 2012;3,6381;3,5775;3,7228;0,1820;0,6038;0,5746;4,5007;5,6403;0,015843;0,044785;0,2826;0,6085;1,0887;0,5296;1,9422;3,5016;196,0972;5,3827;0,1113;-;2,3012;0,4230;1,7267;0,5539;0,0643;0,003116;0,2704;2,8630;0,0387;0,4309;0,9533;-;3,6588;3,5771;3,7478;0,1802;0,6081;0,5745;4,5331;5,6813;0,015916;0,045094;0,2845;0,6152;1,1020;0,5375;1,9522;3,5029;200,3454;5,4057;0,1130;-;2,3178;0,4251;1,7250;0,5574;0,0665;0,003149;0,2732;2,9173;0,0395;0,4290;0,9536;-;-;-
aug. 2012;3,8135;3,6655;3,7603;0,1806;0,6066;0,5986;4,5163;5,7190;0,016206;0,046294;0,2917;0,6165;1,1037;0,5453;2,0271;3,6407;190,5837;5,5082;0,1139;-;2,3092;0,4403;1,7939;0,5725;0,0656;0,003216;0,2760;2,9516;0,0383;0,4492;0,9912;-;3,6630;3,5798;3,7136;0,1798;0,5986;0,5817;4,4595;5,6116;0,015747;0,045176;0,2847;0,6114;1,0657;0,5342;1,9528;3,5484;189,1168;5,3978;0,1094;-;2,2801;0,4219;1,7303;0,5591;0,0638;0,003131;0,2661;2,8433;0,0377;0,4371;0,9663;-;-;-
iul. 2012;3,8094;3,6473;3,7869;0,1788;0,6115;0,6102;4,5484;5,7668;0,015882;0,046866;0,2988;0,6100;1,0863;0,5321;2,0411;3,6993;189,4667;5,5726;0,1138;-;2,3256;0,4484;1,8255;0,5806;0,0667;0,003238;0,2768;2,9531;0,0390;0,4574;1,0072;-;3,9216;3,7206;3,8040;0,1807;0,6142;0,6133;4,5694;5,8428;0,016390;0,047615;0,2971;0,6157;1,1132;0,5461;2,0741;3,7242;194,4040;5,6156;0,1155;-;2,3363;0,4539;1,8239;0,5853;0,0670;0,003294;0,2812;3,0182;0,0388;0,4598;1,0139;-;-;-
iun. 2012;3,5539;3,4623;3,7138;0,1741;0,6001;0,5882;4,4603;5,5320;0,015228;0,044867;0,2943;0,5915;1,0385;0,5027;1,9535;3,5570;182,3135;5,3912;0,1083;-;2,2805;0,4242;1,7339;0,5590;0,0634;0,003058;0,2555;2,7776;0,0386;0,4402;0,9684;-;3,5961;3,4481;3,7024;0,1737;0,5986;0,5837;4,4494;5,5101;0,015439;0,044523;0,2920;0,5907;1,0446;0,5069;1,9464;3,5360;178,5300;5,3662;0,1072;-;2,2750;0,4277;1,7032;0,5566;0,0632;0,003088;0,2630;2,8213;0,0384;0,4408;0,9628;-;-;-
mai. 2012;3,4572;3,4351;3,6947;0,1753;0,5970;0,5744;4,4381;5,5202;0,015109;0,043533;0,2917;0,5862;1,0335;0,4933;1,9167;3,4703;176,5588;5,3071;0,1123;-;2,2692;0,4250;1,7507;0,5485;0,0637;0,002993;0,2546;2,6820;0,0390;0,4310;0,9448;-;3,5053;3,5007;3,7159;0,1740;0,6008;0,5944;4,4652;5,5787;0,014831;0,045577;0,2993;0,5935;1,0167;0,4973;1,9465;3,5939;181,1831;5,4314;0,1091;-;2,2831;0,4228;1,7820;0,5643;0,0641;0,003053;0,2549;2,7199;0,0380;0,4445;0,9785;-;-;-
apr. 2012;3,4372;3,3474;3,6405;0,1765;0,5882;0,5503;4,3760;5,3219;0,014839;0,040856;0,2794;0,5781;1,0480;0,4939;1,8604;3,3243;175,8408;5,1301;0,1127;-;2,2375;0,4246;1,7961;0,5272;0,0643;0,002928;0,2549;2,7173;0,0392;0,4144;0,9051;-;3,4673;3,3848;3,6593;0,1768;0,5911;0,5497;4,3970;5,4090;0,015366;0,041464;0,2825;0,5798;1,0527;0,4934;1,8892;3,3240;177,6435;5,1557;0,1132;-;2,2482;0,4288;1,7625;0,5268;0,0632;0,002946;0,2563;2,7273;0,0393;0,4139;0,9050;-;-;-
mar. 2012;3,4815;3,3259;3,6190;0,1769;0,5871;0,5479;4,3652;5,2298;0,014940;0,040108;0,2797;0,5798;1,0551;0,4912;1,8475;3,3060;177,9901;5,0942;0,1126;-;2,2319;0,4346;1,8486;0,5236;0,0656;0,002934;0,2594;2,7105;0,0393;0,4121;0,9000;-;3,4133;3,2953;3,6346;0,1768;0,5886;0,5431;4,3791;5,2532;0,014851;0,039961;0,2801;0,5762;1,0544;0,4958;1,8405;3,2805;175,3292;5,0842;0,1118;-;2,2390;0,4277;1,7997;0,5209;0,0645;0,002895;0,2571;2,6969;0,0392;0,4092;0,8931;-;-;-
feb. 2012;3,5270;3,2963;3,6042;0,1738;0,5852;0,5449;4,3506;5,1952;0,014971;0,041925;0,2772;0,5757;1,0400;0,4932;1,8715;3,2879;184,2171;5,0943;0,1103;-;2,2245;0,4294;1,9123;0,5219;0,0668;0,002928;0,2573;2,7444;0,0402;0,4098;0,8951;-;3,5084;3,2686;3,6080;0,1747;0,5848;0,5363;4,3486;5,1548;0,015030;0,040174;0,2741;0,5832;1,0528;0,4926;1,8590;3,2357;185,9428;5,0335;0,1113;-;2,2234;0,4352;1,9082;0,5141;0,0660;0,002899;0,2529;2,7345;0,0394;0,4036;0,8809;-;-;-
ian. 2012;3,5038;3,3220;3,5877;0,1701;0,5841;0,5574;4,3428;5,2192;0,014179;0,043721;0,2850;0,5660;0,9943;0,4912;1,8319;3,3650;179,4171;5,1697;0,1076;-;2,2205;0,4201;1,8829;0,5325;0,0660;0,002946;0,2515;2,6976;0,0413;0,4184;0,9161;-;3,5104;3,2977;3,6044;0,1726;0,5844;0,5460;4,3433;5,1969;0,014788;0,043127;0,2808;0,5667;1,0265;0,4885;1,8558;3,2919;183,9433;5,1266;0,1092;-;2,2207;0,4236;1,8826;0,5219;0,0666;0,002936;0,2549;2,7276;0,0411;0,4112;0,8964;-;-;-
dec. 2011;3,3272;3,2122;3,5239;0,1697;0,5820;0,5459;4,3267;5,1264;0,014220;0,042229;0,2783;0,5584;0,9668;0,4800;1,7570;3,2863;173,7568;5,0733;0,1041;-;2,2123;0,4015;1,7875;0,5177;0,0625;0,002859;0,2390;2,5306;0,0420;0,4095;0,8947;-;3,3940;3,2724;3,5528;0,1674;0,5811;0,5538;4,3197;5,1545;0,013881;0,043178;0,2866;0,5549;0,9730;0,4839;1,7450;3,3393;169,0261;5,1256;0,1035;-;2,2087;0,4118;1,7901;0,5306;0,0627;0,002881;0,2384;2,5822;0,0406;0,4161;0,9093;-;-;-
nov. 2011;3,2397;3,1293;3,5369;0,1710;0,5851;0,5367;4,3536;5,0752;0,014051;0,041453;0,2735;0,5595;0,9815;0,4764;1,7717;3,2120;179,1843;5,0208;0,1040;-;2,2260;0,3933;1,7989;0,5053;0,0633;0,002831;0,2344;2,4733;0,0424;0,4007;0,8745;-;3,2692;3,1740;3,5474;0,1705;0,5856;0,5456;4,3539;5,0988;0,013968;0,041935;0,2741;0,5598;0,9571;0,4740;1,7636;3,2764;179,5197;5,0751;0,1045;-;2,2261;0,3894;1,7739;0,5137;0,0626;0,002865;0,2375;2,4899;0,0419;0,4088;0,8919;-;-;-
oct. 2011;3,1948;3,0895;3,5151;0,1742;0,5808;0,5284;4,3238;4,9671;0,014570;0,041154;0,2686;0,5579;0,9933;0,4745;1,7237;3,1539;169,0647;4,9691;0,1008;-;2,2108;0,3961;1,7756;0,4947;0,0640;0,002739;0,2347;2,4898;0,0430;0,3938;0,8587;-;3,2666;3,0982;3,5448;0,1742;0,5810;0,5177;4,3243;4,9454;0,014197;0,039667;0,2633;0,5595;0,9953;0,4784;1,7614;3,0889;170,6212;4,8770;0,1026;-;2,2110;0,3965;1,8471;0,4861;0,0633;0,002782;0,2359;2,5075;0,0429;0,3855;0,8411;-;-;-
sep. 2011;3,1829;3,1060;3,5679;0,1745;0,5751;0,5213;4,2820;4,9103;0,015042;0,040493;0,2683;0,5543;0,9879;0,4688;1,7307;3,1091;177,8743;4,8916;0,1012;-;2,1894;0,4129;1,7969;0,4866;0,0653;0,002777;0,2389;2,5288;0,0423;0,3885;0,8465;-;3,1295;3,0834;3,5703;0,1765;0,5850;0,5397;4,3533;5,0281;0,014883;0,041877;0,2683;0,5519;0,9853;0,4706;1,7320;3,2195;168,5501;5,0111;0,1002;-;2,2258;0,3993;1,7500;0,5045;0,0656;0,002726;0,2346;2,4597;0,0430;0,4019;0,8765;-;-;-
aug. 2011;3,1118;3,0208;3,7968;0,1752;0,5705;0,4967;4,2501;4,8488;0,015607;0,038431;0,2618;0,5457;1,0323;0,4637;1,6887;2,9612;167,6783;4,7586;0,1030;-;2,1731;0,4189;1,8583;0,4623;0,0653;0,002756;0,2421;2,4825;0,0416;0,3703;0,8062;-;3,1220;2,9878;3,6035;0,1751;0,5667;0,4912;4,2228;4,7621;0,015559;0,038189;0,2604;0,5460;1,0181;0,4609;1,6988;2,9244;171,6346;4,7158;0,1010;-;2,1591;0,4161;1,8328;0,4585;0,0638;0,002746;0,2347;2,4988;0,0419;0,3652;0,7961;-;-;-
iul. 2011;3,1969;3,1056;3,6035;0,1742;0,5687;0,4985;4,2405;4,7884;0,015857;0,037417;0,2577;0,5448;1,0616;0,4642;1,7935;2,9700;149,7358;4,7393;0,1064;-;2,1682;0,4370;1,9004;0,4599;0,0669;0,002806;0,2545;2,5104;0,0413;0,3718;0,8086;-;3,2483;3,1227;3,7057;0,1754;0,5692;0,4982;4,2403;4,8287;0,015708;0,038227;0,2597;0,5478;1,0584;0,4667;1,7661;2,9682;154,0188;4,7621;0,1071;-;2,1681;0,4395;1,8942;0,4611;0,0672;0,002815;0,2529;2,5709;0,0412;0,3711;0,8081;-;-;-
iun. 2011;3,0899;2,9800;3,4660;0,1726;0,5622;0,4896;4,1929;4,7218;0,015714;0,036204;0,2494;0,5353;1,0554;0,4601;1,8155;2,9134;143,1735;4,6623;0,1041;-;2,1438;0,4283;1,8356;0,4500;0,0650;0,002697;0,2468;2,3741;0,0420;0,3646;0,7932;-;3,1370;3,0281;3,5066;0,1742;0,5677;0,4899;4,2341;4,6760;0,015946;0,036389;0,2528;0,5445;1,0632;0,4617;1,7990;2,9259;141,7216;4,6885;0,1050;-;2,1649;0,4315;1,8666;0,4527;0,0655;0,002741;0,2490;2,4220;0,0420;0,3664;0,7967;-;-;-
mai. 2011;3,0592;2,9619;3,2802;0,1686;0,5515;0,4817;4,1120;4,6814;0,015413;0,035305;0,2470;0,5242;1,0439;0,4590;1,8197;2,8652;139,4300;4,5747;0,1026;-;2,1025;0,4178;1,7764;0,4411;0,0638;0,002643;0,2459;2,2821;0,0418;0,3586;0,7801;-;3,0494;2,9421;3,3580;0,1681;0,5527;0,4804;4,1208;4,7127;0,015415;0,035021;0,2471;0,5320;1,0419;0,4635;1,7915;2,8571;141,2640;4,6017;0,1021;-;2,1070;0,4147;1,7987;0,4410;0,0634;0,002648;0,2472;2,3547;0,0426;0,3581;0,7779;-;-;-
apr. 2011;2,9993;2,9606;3,1581;0,1688;0,5497;0,4760;4,0992;4,6406;0,015453;0,034042;0,2432;0,5247;1,0323;0,4569;1,8636;2,8360;134,7387;4,5401;0,1011;-;2,0959;0,4213;1,7877;0,4344;0,0640;0,002615;0,2421;2,2359;0,0405;0,3557;0,7721;-;2,9927;2,8828;3,1594;0,1687;0,5464;0,4609;4,0744;4,5659;0,015439;0,033660;0,2383;0,5222;1,0355;0,4560;1,8007;2,7408;135,1344;4,4607;0,1003;-;2,0832;0,4140;1,7327;0,4222;0,0619;0,002564;0,2372;2,2034;0,0411;0,3446;0,7462;-;-;-
mar. 2011;3,0044;3,0470;3,2344;0,1708;0,5584;0,5016;4,1646;4,8071;0,015371;0,036382;0,2495;0,5316;1,0376;0,4687;1,8818;2,9736;135,9929;4,7050;0,1046;-;2,1294;0,4297;1,7919;0,4529;0,0661;0,002655;0,2476;2,2045;0,0403;0,3741;0,8096;-;2,9928;2,9839;3,1597;0,1676;0,5517;0,4846;4,1141;4,6653;0,015451;0,034923;0,2462;0,5238;1,0243;0,4610;1,8764;2,8931;133,1271;4,6125;0,1021;-;2,1035;0,4257;1,7762;0,4418;0,0649;0,002639;0,2435;2,2070;0,0397;0,3653;0,7877;-;-;-
feb. 2011;3,1350;3,1486;3,2728;0,1749;0,5697;0,5289;4,2472;5,0175;0,015667;0,037670;0,2596;0,5423;1,0815;0,4829;1,9559;3,1108;137,1365;4,8642;0,1063;-;2,1716;0,4323;1,8632;0,4730;0,0685;0,002780;0,2578;2,3690;0,0411;0,3911;0,8470;-;3,0929;3,1185;3,2862;0,1726;0,5653;0,5178;4,2150;4,9440;0,015505;0,037260;0,2545;0,5445;1,0613;0,4795;1,9042;3,0489;138,1159;4,8072;0,1055;-;2,1551;0,4368;1,8332;0,4640;0,0673;0,002707;0,2519;2,2902;0,0408;0,3838;0,8301;-;-;-
ian. 2011;3,1782;3,2102;3,3348;0,1743;0,5720;0,5490;4,2622;5,0291;0,015475;0,038632;0,2614;0,5446;1,0953;0,4779;2,0413;3,1918;139,8286;4,9387;0,1056;-;2,1793;0,4615;1,9066;0,4838;0,0703;0,002852;0,2631;2,4428;0,0405;0,4011;0,8691;-;3,0972;3,1166;3,3041;0,1753;0,5708;0,5324;4,2549;4,9516;0,015563;0,037938;0,2577;0,5365;1,0807;0,4799;1,9442;3,1182;133,6413;4,8548;0,1046;-;2,1756;0,4343;1,8527;0,4721;0,0679;0,002782;0,2563;2,4009;0,0407;0,3928;0,8491;-;-;-
dec. 2010;3,2283;3,2199;3,3555;0,1706;0,5760;0,5595;4,2925;5,0598;0,015475;0,038989;0,2670;0,5431;1,0742;0,4742;2,1320;3,2439;145,2776;4,9877;0,1053;-;2,1948;0,4759;1,9157;0,4881;0,0719;0,002833;0,2620;2,4397;0,0404;0,4069;0,8833;-;3,2634;3,2102;3,4211;0,1709;0,5749;0,5521;4,2848;4,9673;0,015391;0,039400;0,2661;0,5482;1,0829;0,4780;2,0781;3,2045;145,3500;4,9554;0,1048;-;2,1908;0,4838;1,9312;0,4863;0,0716;0,002855;0,2587;2,4894;0,0403;0,4027;0,8726;-;-;-
nov. 2010;3,1069;3,1017;3,1938;0,1743;0,5759;0,5453;4,2931;5,0145;0,015589;0,038101;0,2650;0,5274;1,0866;0,4609;2,1783;3,1403;138,4686;4,8943;0,1013;-;2,1951;0,4501;1,8343;0,4720;0,0698;0,002779;0,2548;2,4242;0,0401;0,3944;0,8550;-;3,1614;3,2213;3,2891;0,1724;0,5748;0,5677;4,2842;5,1078;0,015128;0,039216;0,2684;0,5302;1,0563;0,4674;2,1838;3,2861;145,4633;4,9906;0,1046;-;2,1905;0,4611;1,9125;0,4931;0,0715;0,002828;0,2630;2,4497;0,0399;0,4130;0,8950;-;-;-
oct. 2010;3,0213;3,0234;3,1801;0,1745;0,5739;0,5377;4,2798;4,8826;0,015604;0,037645;0,2621;0,5281;1,0830;0,4617;2,1613;3,0788;132,9525;4,8372;0,1015;-;2,1883;0,4452;1,8295;0,4617;0,0693;0,002742;0,2474;2,3127;0,0402;0,3872;0,8382;-;2,9940;3,0158;3,1233;0,1730;0,5722;0,5350;4,2664;4,9096;0,015618;0,038217;0,2608;0,5196;1,0699;0,4555;2,1461;3,0904;132,5903;4,8452;0,1001;-;2,1814;0,4396;1,8126;0,4632;0,0694;0,002744;0,2490;2,3279;0,0397;0,3876;0,8412;-;-;-
sep. 2010;3,0568;3,1548;3,2562;0,1730;0,5726;0,5722;4,2642;5,0797;0,015117;0,038679;0,2679;0,5389;1,0786;0,4624;2,1840;3,2636;133,3695;4,9936;0,1060;-;2,1803;0,4576;1,8955;0,4839;0,0709;0,002807;0,2547;2,3740;0,0404;0,4119;0,8886;-;3,0291;3,0287;3,2068;0,1735;0,5727;0,5491;4,2674;4,9667;0,015389;0,037516;0,2631;0,5343;1,0711;0,4659;2,1538;3,1254;131,7241;4,8668;0,1022;-;2,1819;0,4489;1,8378;0,4670;0,0701;0,002741;0,2496;2,3080;0,0400;0,3941;0,8508;-;-;-
aug. 2010;2,9556;3,1616;3,1596;0,1709;0,5690;0,5770;4,2389;5,1422;0,015074;0,038482;0,2706;0,5342;1,0627;0,4499;2,1744;3,2847;128,2326;4,9859;0,1081;-;2,1673;0,4501;1,8676;0,4839;0,0705;0,002783;0,2576;2,3463;0,0402;0,4161;0,8943;-;2,9870;3,1708;3,2958;0,1717;0,5721;0,5886;4,2597;5,1793;0,014829;0,039794;0,2761;0,5319;1,0626;0,4538;2,1969;3,3582;133,2368;5,0618;0,1089;-;2,1780;0,4542;1,9093;0,4933;0,0714;0,002799;0,2558;2,3460;0,0405;0,4259;0,9145;-;-;-
iul. 2010;2,9228;3,1992;3,1649;0,1682;0,5718;0,5859;4,2611;5,1012;0,015011;0,038102;0,2661;0,5307;1,0442;0,4484;2,1668;3,3388;128,4067;5,0256;0,1089;-;2,1787;0,4421;1,8848;0,4927;0,0713;0,002770;0,2604;2,3772;0,0407;0,4224;0,9090;-;2,9344;3,1617;3,1376;0,1712;0,5700;0,5732;4,2471;5,0961;0,014885;0,037872;0,2645;0,5325;1,0575;0,4498;2,1603;3,2679;122,4848;4,9450;0,1079;-;2,1715;0,4441;1,8587;0,4824;0,0702;0,002758;0,2558;2,3562;0,0399;0,4124;0,8897;-;-;-
iun. 2010;2,9598;3,3427;3,0794;0,1645;0,5698;0,6112;4,2396;5,1191;0,015079;0,038169;0,2689;0,5355;1,0340;0,4430;2,1988;3,4700;137,5207;5,0964;0,1111;-;2,1677;0,4536;1,9187;0,5089;0,0745;0,002857;0,2725;2,3978;0,0409;0,4388;0,9448;-;3,0420;3,3993;3,2958;0,1697;0,5865;0,6256;4,3688;5,3493;0,015277;0,040175;0,2791;0,5504;1,0562;0,4590;2,2549;3,5617;142,0403;5,2833;0,1142;-;2,2338;0,4662;1,9678;0,5254;0,0765;0,002914;0,2784;2,4702;0,0418;0,4524;0,9701;-;-;-
mai. 2010;2,8977;3,1950;2,9443;0,1627;0,5609;0,5909;4,1743;4,8688;0,015101;0,036034;0,2612;0,5298;1,0304;0,4324;2,1459;3,3207;128,4899;4,9035;0,1092;-;2,1343;0,4348;1,8367;0,4864;0,0725;0,002853;0,2613;2,3226;0,0414;0,4191;0,9041;-;2,8769;3,2358;2,9379;0,1640;0,5617;0,6004;4,1792;4,9234;0,015195;0,037134;0,2657;0,5260;1,0239;0,4345;2,1590;3,3984;131,4516;4,9754;0,1103;-;2,1369;0,4423;1,8727;0,4977;0,0731;0,002827;0,2628;2,3193;0,0407;0,4286;0,9253;-;-;-
apr. 2010;2,8492;3,0616;2,8795;0,1632;0,5547;0,5564;4,1285;4,7144;0,015557;0,032918;0,2464;0,5199;1,0651;0,4270;2,0622;3,0758;113,4359;4,6702;0,1054;-;2,1109;0,4185;1,7495;0,4506;0,0691;0,002758;0,2513;2,1911;0,0415;0,3880;0,8374;-;2,8858;3,0823;2,8776;0,1617;0,5546;0,5571;4,1276;4,7567;0,015511;0,032799;0,2464;0,5256;1,0562;0,4295;2,0905;3,0973;117,1502;4,6966;0,1063;-;2,1105;0,4235;1,7911;0,4537;0,0697;0,002794;0,2542;2,2558;0,0416;0,3919;0,8431;-;-;-
mar. 2010;2,7457;2,9400;2,8228;0,1600;0,5493;0,5487;4,0879;4,5322;0,015398;0,033243;0,2388;0,5085;1,0503;0,4202;1,9624;3,0113;107,9781;4,6026;0,1019;-;2,0901;0,4058;1,6857;0,4411;0,0661;0,002648;0,2394;2,1171;0,0410;0,3784;0,8198;-;2,7877;2,9940;2,8665;0,1610;0,5501;0,5525;4,0958;4,6116;0,015378;0,032588;0,2448;0,5114;1,0611;0,4217;1,9984;3,0422;108,5052;4,6163;0,1032;-;2,0942;0,4150;1,7002;0,4456;0,0677;0,002688;0,2461;2,1585;0,0410;0,3849;0,8282;-;-;-
feb. 2010;2,6660;2,8469;2,8070;0,1586;0,5532;0,5484;4,1179;4,6971;0,015187;0,033338;0,2360;0,5083;1,0259;0,4139;1,9844;3,0071;105,9389;4,6249;0,0997;-;2,1055;0,3923;1,6297;0,4403;0,0649;0,002600;0,2324;2,0982;0,0416;0,3739;0,8187;-;2,6873;2,8536;2,8069;0,1583;0,5519;0,5491;4,1073;4,5987;0,015222;0,033773;0,2377;0,5099;1,0358;0,4233;1,9601;3,0151;107,9655;4,6568;0,1006;-;2,1001;0,3914;1,6524;0,4417;0,0654;0,002599;0,2359;2,0959;0,0411;0,3792;0,8208;-;-;-
ian. 2010;2,6492;2,7839;2,8045;0,1586;0,5564;0,5324;4,1409;4,6902;0,015371;0,031771;0,2345;0,5057;1,0177;0,4063;1,9678;2,8998;104,3260;4,5357;0,0972;-;2,1172;0,3886;1,6345;0,4248;0,0632;0,002547;0,2265;2,1077;0,0425;0,3598;0,7895;-;2,6376;2,7731;2,8101;0,1571;0,5537;0,5399;4,1220;4,7642;0,015201;0,032714;0,2341;0,5013;1,0156;0,4025;1,9765;2,9509;102,7657;4,5833;0,0971;-;2,1076;0,3893;1,5761;0,4323;0,0638;0,002540;0,2268;2,0861;0,0418;0,3679;0,8035;-;-;-
dec. 2009;2,6109;2,7434;2,8122;0,1621;0,5677;0,5278;4,2248;4,6964;0,015474;0,032206;0,2436;0,5023;1,0197;0,4061;1,9222;2,8952;105,1736;4,5758;0,0963;-;2,1601;0,3867;1,6534;0,4240;0,0621;0,002482;0,2255;2,0744;0,0440;0,3622;0,7882;-;2,6413;2,7979;2,8496;0,1598;0,5682;0,5352;4,2282;4,7393;0,015608;0,031778;0,2397;0,5092;1,0279;0,4117;1,9648;2,9361;104,1843;4,6062;0,0977;-;2,1619;0,3974;1,6872;0,4300;0,0631;0,002517;0,2243;2,1351;0,0440;0,3662;0,7992;-;-;-
nov. 2009;2,6422;2,7127;2,8390;0,1661;0,5762;0,5264;4,2881;4,7704;0,015834;0,032246;0,2603;0,5095;1,0286;0,4150;1,9267;2,8741;104,0230;4,5988;0,0994;-;2,1925;0,3821;1,6627;0,4209;0,0617;0,002471;0,2194;2,0975;0,0455;0,3538;0,7825;-;2,5946;2,6880;2,8357;0,1635;0,5742;0,5186;4,2738;4,6903;0,015707;0,032894;0,2589;0,5018;1,0311;0,4084;1,8665;2,8396;106,9960;4,5632;0,0974;-;2,1852;0,3842;1,6318;0,4159;0,0611;0,002442;0,2207;2,0305;0,0451;0,3545;0,7730;-;-;-
oct. 2009;2,6226;2,7430;2,8302;0,1658;0,5756;0,5280;4,2848;4,6767;0,015963;0,032031;0,2574;0,5124;1,0173;0,4159;1,9658;2,8904;96,9665;4,5993;0,0982;-;2,1908;0,3864;1,6616;0,4234;0,0619;0,002461;0,2185;2,1368;0,0460;0,3515;0,7870;-;2,6465;2,7070;2,8458;0,1623;0,5771;0,5285;4,2955;4,7815;0,015759;0,031803;0,2607;0,5140;1,0144;0,4142;1,9454;2,8927;97,1243;4,6104;0,0996;-;2,1963;0,3781;1,6696;0,4237;0,0615;0,002446;0,2223;2,1127;0,0460;0,3583;0,7876;-;-;-
sep. 2009;2,5066;2,6913;2,7981;0,1672;0,5695;0,5279;4,2389;4,7529;0,015589;0,031856;0,2599;0,4926;1,0190;0,4158;1,9517;2,9110;93,2591;4,5969;0,0947;-;2,1674;0,3870;1,5956;0,4263;0,0602;0,002396;0,2172;2,0478;0,0454;0,3413;0,7926;-;2,5269;2,6667;2,7818;0,1668;0,5640;0,5203;4,1981;4,6047;0,015548;0,031979;0,2477;0,4956;0,9940;0,4108;1,9290;2,8619;92,1329;4,5520;0,0954;-;2,1465;0,3877;1,6014;0,4193;0,0600;0,002430;0,2122;2,0641;0,0451;0,3474;0,7793;-;-;-
aug. 2009;2,4692;2,7174;2,7674;0,1644;0,5667;0,5340;4,2185;4,8899;0,015636;0,031182;0,2644;0,4868;1,0211;0,4128;1,9886;2,9576;90,2637;4,6134;0,0934;-;2,1569;0,3722;1,6039;0,4329;0,0612;0,002385;0,2284;1,9973;0,0452;0,3638;0,8053;-;2,4801;2,6877;2,7843;0,1663;0,5674;0,5347;4,2231;4,7889;0,015531;0,031775;0,2632;0,4911;1,0293;0,4135;1,9678;2,9554;89,8697;4,5980;0,0929;-;2,1593;0,3798;1,5710;0,4327;0,0606;0,002365;0,2231;2,0177;0,0455;0,3503;0,8046;-;-;-
iul. 2009;2,4080;2,6631;2,7735;0,1635;0,5663;0,5370;4,2168;4,8960;0,015506;0,031695;0,2663;0,4705;0,9808;0,3893;1,9716;2,9940;89,9269;4,6451;0,0950;-;2,1561;0,3765;1,5487;0,4382;0,0618;0,002371;0,2245;1,9280;0,0453;0,3861;0,8151;-;2,4714;2,7652;2,7502;0,1646;0,5658;0,5384;4,2127;4,9459;0,015821;0,031219;0,2634;0,4812;1,0115;0,4064;2,0204;2,9871;89,9198;4,6496;0,0951;-;2,1540;0,3824;1,5866;0,4371;0,0620;0,002431;0,2259;1,9578;0,0452;0,3794;0,8132;-;-;-
iun. 2009;2,4124;2,6735;2,7816;0,1589;0,5658;0,5361;4,2126;4,9215;0,015026;0,031133;0,2692;0,4711;0,9354;0,3874;1,9416;3,0035;91,5412;4,6455;0,0967;-;2,1539;0,3731;1,5337;0,4395;0,0628;0,002378;0,2255;1,9191;0,0450;0,3934;0,8179;-;2,4208;2,5844;2,7579;0,1627;0,5649;0,5325;4,2067;4,9485;0,015430;0,031095;0,2663;0,4653;0,9438;0,3880;1,9422;2,9792;90,1976;4,6391;0,0960;-;2,1509;0,3832;1,5248;0,4362;0,0621;0,002339;0,2266;1,9395;0,0450;0,3893;0,8112;-;-;-
mai. 2009;2,3364;2,6525;2,7573;0,1559;0,5598;0,5434;4,1689;4,7117;0,014790;0,031624;0,2729;0,4732;0,9447;0,3938;1,9642;3,0554;91,1619;4,6558;0,0956;-;2,1316;0,3648;1,4741;0,4477;0,0629;0,002432;0,2318;1,8390;0,0440;0,3888;0,8318;-;2,3614;2,6934;2,7617;0,1558;0,5613;0,5279;4,1786;4,7840;0,014849;0,030919;0,2684;0,4680;0,9353;0,3918;1,9266;2,9680;93,0412;4,6296;0,0961;-;2,1365;0,3741;1,4733;0,4347;0,0628;0,002352;0,2257;1,8798;0,0440;0,3894;0,8081;-;-;-
apr. 2009;2,2679;2,5885;2,7672;0,1568;0,5632;0,5641;4,1954;4,6694;0,014231;0,032138;0,2841;0,4770;0,9469;0,3857;1,9758;3,1777;91,1506;4,7415;0,0948;-;2,1451;0,3528;1,4379;0,4652;0,0635;0,002379;0,2358;1,8178;0,0446;0,3930;0,8651;-;2,3009;2,6406;2,7725;0,1568;0,5617;0,5581;4,1835;4,6714;0,014481;0,032141;0,2795;0,4783;0,9522;0,3908;1,9799;3,1447;89,8368;4,7251;0,0953;-;2,1390;0,3726;1,4436;0,4609;0,0630;0,002451;0,2282;1,7903;0,0440;0,3908;0,8560;-;-;-
mar. 2009;2,1833;2,5989;2,8434;0,1572;0,5747;0,5827;4,2821;4,6587;0,014077;0,033606;0,3047;0,4849;0,9266;0,3833;1,9179;3,2851;97,7627;4,8769;0,0948;-;2,1894;0,3293;1,4187;0,4805;0,0641;0,002264;0,2238;1,7440;0,0453;0,3994;0,8944;-;2,1981;2,5419;2,7943;0,1541;0,5686;0,5654;4,2348;4,5518;0,013685;0,032390;0,2865;0,4738;0,9007;0,3856;1,9011;3,1857;94,1399;4,7830;0,0941;-;2,1653;0,3329;1,3686;0,4661;0,0626;0,002303;0,2241;1,8148;0,0446;0,3880;0,8673;-;-;-
feb. 2009;2,1711;2,6898;2,8725;0,1502;0,5749;0,6008;4,2839;4,8239;0,014348;0,036237;0,3162;0,4873;0,9216;0,3932;2,0121;3,3480;101,1668;4,9792;0,0935;-;2,1903;-;-;-;-;-;-;-;-;-;-;-;2,1708;2,6904;2,8868;0,1534;0,5759;0,6081;4,2909;4,8002;0,014471;0,034717;0,3149;0,4858;0,9215;0,3747;2,0015;3,3851;102,7832;4,9438;0,0946;-;2,1939;-;-;-;-;-;-;-;-;-;-;-;-;-
ian. 2009;2,1570;2,6121;2,8330;0,1555;0,5680;0,5781;4,2327;4,6174;0,015087;0,035458;0,3017;0,4600;1,0011;0,3950;1,9923;3,1999;88,2225;4,8204;0,1002;-;2,1641;-;-;-;-;-;-;-;-;-;-;-;2,1343;2,6999;2,8762;0,1533;0,5740;0,5967;4,2775;4,7449;0,014353;0,037078;0,3097;0,4818;0,9620;0,4040;2,0241;3,3212;98,1099;4,9092;0,0937;-;2,1870;-;-;-;-;-;-;-;-;-;-;-;-;-
dec. 2008;1,9456;2,3495;2,5444;0,1498;0,5255;0,5258;3,9153;4,3120;0,014816;0,031893;0,2826;0,4145;0,9756;0,3633;1,8728;2,9026;76,5183;4,4345;0,1032;0,1297;2,0019;-;-;-;-;-;-;-;-;-;-;-;1,9621;2,3248;2,6717;0,1495;0,5348;0,5141;3,9852;4,1169;0,015034;0,031419;0,2704;0,4068;0,9554;0,3648;1,8563;2,8342;78,7536;4,3753;0,0964;0,1322;2,0376;-;-;-;-;-;-;-;-;-;-;-;-;-
nov. 2008;1,9458;2,4350;2,4908;0,1499;0,5068;0,5357;3,7753;4,5489;0,014237;0,030616;0,2861;0,4280;1,0115;0,3729;1,8555;2,9634;72,2069;4,3967;0,1084;0,1243;1,9303;-;-;-;-;-;-;-;-;-;-;-;1,9311;2,3762;2,4406;0,1505;0,5072;0,5321;3,7794;4,5222;0,014613;0,030854;0,2824;0,4240;1,0056;0,3663;1,8733;2,9387;76,9670;4,3656;0,1059;0,1246;1,9324;-;-;-;-;-;-;-;-;-;-;-;-;-
oct. 2008;1,9340;2,3983;2,4660;0,1510;0,5024;0,5074;3,7454;4,7579;0,014415;0,028226;0,2692;0,4360;1,0474;0,3804;1,9194;2,8131;73,4523;4,2488;0,1064;0,1230;1,9150;-;-;-;-;-;-;-;-;-;-;-;1,9045;2,3498;2,4948;0,1515;0,4917;0,5155;3,6610;4,6607;0,013987;0,029530;0,2768;0,4277;1,0098;0,3684;1,8373;2,8758;67,3530;4,2225;0,1063;0,1203;1,8718;-;-;-;-;-;-;-;-;-;-;-;-;-
sep. 2008;2,0661;2,3848;2,2739;0,1481;0,4861;0,4642;3,6254;4,5361;0,015058;0,023671;0,2540;0,4449;1,0742;0,3791;2,0339;2,5237;66,9228;3,9208;0,0997;0,1197;1,8536;-;-;-;-;-;-;-;-;-;-;-;2,0969;2,4801;2,3627;0,1516;0,5004;0,4761;3,7336;4,6916;0,015351;0,024689;0,2451;0,4499;1,0962;0,3814;2,0466;2,5957;74,9297;4,0495;0,1023;0,1232;1,9089;-;-;-;-;-;-;-;-;-;-;-;-;-
aug. 2008;2,0783;2,2376;2,1752;0,1453;0,4728;0,4418;3,5268;4,4489;0,014941;0,021560;0,2421;0,4422;1,0717;0,3753;1,9982;2,3571;63,5292;3,7291;0,0974;0,1162;1,8032;-;-;-;-;-;-;-;-;-;-;-;2,0720;2,2858;2,1864;0,1435;0,4738;0,4468;3,5330;4,3888;0,014858;0,022025;0,2476;0,4450;1,0565;0,3742;2,0316;2,3972;64,5144;3,7597;0,0975;0,1165;1,8064;-;-;-;-;-;-;-;-;-;-;-;-;-
iul. 2008;2,1843;2,2397;2,2111;0,1520;0,4798;0,4266;3,5792;4,5114;0,015427;0,021254;0,2310;0,4448;1,0974;0,3784;1,8696;2,2687;68,6387;3,7000;0,0972;0,1181;1,8300;-;-;-;-;-;-;-;-;-;-;-;2,1410;2,2133;2,1631;0,1476;0,4740;0,4269;3,5366;4,4875;0,015290;0,020933;0,2337;0,4411;1,1033;0,3736;1,9464;2,2644;66,3796;3,6762;0,0967;0,1164;1,8082;-;-;-;-;-;-;-;-;-;-;-;-;-
iun. 2008;2,2364;2,3138;2,2647;0,1502;0,4901;0,4397;3,6557;4,6154;0,015074;0,021986;0,2331;0,4576;1,0832;0,3902;1,9038;2,3506;67,1919;3,8073;0,0994;0,1206;1,8691;-;-;-;-;-;-;-;-;-;-;-;2,2264;2,2873;2,2732;0,1525;0,4890;0,4328;3,6475;4,6022;0,015442;0,021935;0,2337;0,4561;1,0877;0,3862;1,8815;2,3066;69,1468;3,7752;0,0986;0,1207;1,8649;-;-;-;-;-;-;-;-;-;-;-;-;-
mai. 2008;2,2324;2,3520;2,2528;0,1458;0,4905;0,4390;3,6594;4,6207;0,014772;0,022550;0,2271;0,4649;1,0750;0,3930;1,8860;2,3517;67,3369;3,8197;0,0991;0,1163;1,8710;-;-;-;-;-;-;-;-;-;-;-;2,2335;2,3568;2,2244;0,1441;0,4855;0,4371;3,6213;4,6087;0,015011;0,022162;0,2270;0,4569;1,0731;0,3877;1,9293;2,3376;66,0802;3,7803;0,0985;0,1195;1,8516;-;-;-;-;-;-;-;-;-;-;-;-;-
apr. 2008;2,1493;2,2802;2,2837;0,1453;0,4883;0,4259;3,6426;4,5755;0,014347;0,022558;0,2210;0,4575;1,0573;0,3887;1,7734;2,3102;67,7522;3,7828;0,0983;0,1125;1,8624;-;-;-;-;-;-;-;-;-;-;-;2,2076;2,3399;2,2769;0,1458;0,4926;0,4391;3,6759;4,6533;0,014501;0,022712;0,2272;0,4607;1,0626;0,3924;1,8315;2,3635;65,9125;3,8375;0,0997;0,1140;1,8794;-;-;-;-;-;-;-;-;-;-;-;-;-
mar. 2008;2,2147;2,3969;2,3700;0,1475;0,4992;0,4380;3,7218;4,7975;0,014308;0,023825;0,2253;0,4663;1,0519;0,3956;1,9263;2,3969;74,4283;3,9197;0,1011;0,1145;1,9029;-;-;-;-;-;-;-;-;-;-;-;2,1541;2,3085;2,3746;0,1471;0,4999;0,4324;3,7276;4,6832;0,014296;0,023717;0,2236;0,4636;1,0566;0,3970;1,7878;2,3563;71,0466;3,8843;0,1004;0,1143;1,9059;-;-;-;-;-;-;-;-;-;-;-;-;-
feb. 2008;2,2609;2,4776;2,2711;0,1438;0,4900;0,4495;3,6528;4,8638;0,013936;0,023116;0,2247;0,4595;1,0210;0,3901;2,0716;2,4767;73,5938;3,9292;0,1011;0,1103;1,8676;-;-;-;-;-;-;-;-;-;-;-;2,3079;2,5030;2,3433;0,1472;0,5001;0,4455;3,7269;4,8597;0,014162;0,023497;0,2293;0,4724;1,0550;0,3974;2,0466;2,4496;76,3969;3,9499;0,1021;0,1145;1,9055;-;-;-;-;-;-;-;-;-;-;-;-;-
ian. 2008;2,2131;2,4835;2,2818;0,1418;0,4957;0,4560;3,6930;4,9434;0,014416;0,023343;0,2272;0,4641;1,0227;0,3915;2,1323;2,5116;71,8818;3,9734;0,1025;0,1101;1,8882;-;-;-;-;-;-;-;-;-;-;-;2,2225;2,5022;2,3040;0,1423;0,4966;0,4482;3,7011;4,9616;0,014264;0,023391;0,2277;0,4592;1,0216;0,3917;2,1161;2,4904;73,9652;3,9776;0,1019;0,1096;1,8923;-;-;-;-;-;-;-;-;-;-;-;-;-
dec. 2007;2,1145;2,4124;2,1274;0,1342;0,4730;0,4385;3,5289;4,9045;0,013939;0,021612;0,2171;0,4401;0,9796;0,3742;2,0525;2,4247;62,5149;3,8184;0,0986;0,1057;1,8043;-;-;-;-;-;-;-;-;-;-;-;2,1537;2,5080;2,1744;0,1355;0,4841;0,4444;3,6102;4,9095;0,014250;0,021766;0,2221;0,4526;1,0010;0,3819;2,1002;2,4564;65,4269;3,8979;0,1002;0,1074;1,8458;-;-;-;-;-;-;-;-;-;-;-;-;-
nov. 2007;2,1209;2,4539;2,1058;0,1299;0,4656;0,4291;3,4707;4,8984;0,013637;0,021332;0,2135;0,4369;0,9491;0,3736;1,9856;2,3652;61,4410;3,7509;0,0978;-;-;-;-;-;-;-;-;-;-;-;-;-;2,1012;2,3802;2,1145;0,1333;0,4690;0,4279;3,4973;4,8982;0,013792;0,021414;0,2151;0,4309;0,9655;0,3732;2,0099;2,3681;60,4616;3,7724;0,0971;-;-;-;-;-;-;-;-;-;-;-;-;-;-;-
oct. 2007;2,1176;2,4111;2,0066;0,1226;0,4498;0,4251;3,3525;4,8161;0,013360;0,020335;0,2059;0,4358;0,9046;0,3654;1,9640;2,3568;57,1479;3,6722;-;-;-;-;-;-;-;-;-;-;-;-;-;-;2,1316;2,4212;1,9896;0,1237;0,4475;0,4187;3,3360;4,7845;0,013265;0,020061;0,2052;0,4311;0,9177;0,3624;1,9600;2,3094;58,1180;3,6327;-;-;-;-;-;-;-;-;-;-;-;-;-;-;-;-
sep. 2007;2,0359;2,3426;2,0311;0,1214;0,4492;0,4279;3,3466;4,8585;0,013211;0,020931;0,2041;0,4276;0,8833;0,3603;1,9070;2,4091;55,0320;3,7203;-;-;-;-;-;-;-;-;-;-;-;-;-;-;2,0829;2,3694;2,0224;0,1220;0,4502;0,4236;3,3559;4,8010;0,013382;0,020498;0,2055;0,4352;0,8889;0,3646;1,9519;2,3669;56,1388;3,6785;-;-;-;-;-;-;-;-;-;-;-;-;-;-;-;-
aug. 2007;1,9610;2,2340;1,9684;0,1157;0,4331;0,4186;3,2237;4,7547;0,012629;0,020284;0,1937;0,4042;0,8457;0,3458;1,7985;2,3671;50,5722;3,6195;-;-;-;-;-;-;-;-;-;-;-;-;-;-;1,9739;2,2738;1,9863;0,1181;0,4393;0,4235;3,2719;4,8329;0,012885;0,020573;0,1966;0,4117;0,8563;0,3493;1,8415;2,3934;51,4192;3,6798;-;-;-;-;-;-;-;-;-;-;-;-;-;-;-;-
iul. 2007;1,9825;2,1742;1,8915;0,1105;0,4211;0,4022;3,1337;4,6473;0,012695;0,018793;0,1883;0,3948;0,8317;0,3413;1,7834;2,2847;48,8732;3,4945;-;-;-;-;-;-;-;-;-;-;-;-;-;-;1,9783;2,1727;1,9120;0,1126;0,4244;0,4080;3,1582;4,6837;0,012584;0,019343;0,1898;0,3965;0,8331;0,3437;1,7975;2,3043;49,4166;3,5394;-;-;-;-;-;-;-;-;-;-;-;-;-;-;-;-
iun. 2007;2,0253;2,2576;1,9502;0,1130;0,4333;0,4222;3,2264;4,7756;0,012885;0,019616;0,1939;0,4003;0,8472;0,3459;1,8195;2,4052;50,7139;3,6343;-;-;-;-;-;-;-;-;-;-;-;-;-;-;1,9756;2,2065;1,8913;0,1091;0,4211;0,4082;3,1340;4,6575;0,012767;0,018835;0,1883;0,3934;0,8332;0,3390;1,7731;2,3246;48,5173;3,5241;-;-;-;-;-;-;-;-;-;-;-;-;-;-;-;-
mai. 2007;2,0054;2,2195;1,9903;0,1163;0,4408;0,4273;3,2850;4,8213;0,013217;0,020127;0,1974;0,4037;0,8688;0,3569;1,8221;2,4314;52,2140;3,6880;-;-;-;-;-;-;-;-;-;-;-;-;-;-;2,0061;2,2725;1,9861;0,1154;0,4393;0,4276;3,2724;4,8099;0,013063;0,020010;0,1967;0,4026;0,8562;0,3524;1,8384;2,4347;51,3841;3,6869;-;-;-;-;-;-;-;-;-;-;-;-;-;-;-;-
apr. 2007;2,0405;2,1734;2,0369;0,1191;0,4475;0,4338;3,3349;4,9099;0,013553;0,020774;0,2004;0,4108;0,8735;0,3610;1,8159;2,4688;53,9530;3,7554;-;-;-;-;-;-;-;-;-;-;-;-;-;-;2,0238;2,1920;2,0229;0,1182;0,4466;0,4301;3,3272;4,8704;0,013447;0,020436;0,2000;0,4098;0,8785;0,3633;1,7868;2,4452;53,2972;3,7209;-;-;-;-;-;-;-;-;-;-;-;-;-;-;-;-
mar. 2007;2,0167;2,1767;2,0893;0,1201;0,4523;0,4465;3,3694;4,9548;0,013487;0,021688;0,2005;0,4145;0,8669;0,3623;1,8075;2,5447;53,6605;3,8369;-;-;-;-;-;-;-;-;-;-;-;-;-;-;2,0351;2,1826;2,0647;0,1198;0,4503;0,4422;3,3548;4,9324;0,013549;0,021343;0,2008;0,4137;0,8675;0,3591;1,8164;2,5191;53,7392;3,8021;-;-;-;-;-;-;-;-;-;-;-;-;-;-;-;-
feb. 2007;2,0240;2,2090;2,0863;0,1198;0,4538;0,4542;3,3824;5,0634;0,013347;0,021464;0,1999;0,4183;0,8684;0,3681;1,8523;2,5881;55,3312;3,8755;-;-;-;-;-;-;-;-;-;-;-;-;-;-;2,0278;2,2042;2,1062;0,1201;0,4557;0,4521;3,3961;5,0339;0,013325;0,021714;0,2007;0,4188;0,8673;0,3655;1,8171;2,5748;56,0549;3,8643;-;-;-;-;-;-;-;-;-;-;-;-;-;-;-;-
ian. 2007;2,0445;2,2236;2,0999;0,1218;0,4553;0,4581;3,3937;5,1177;0,013360;0,021687;0,2006;0,4100;0,8744;0,3738;1,8318;2,6132;52,9080;3,9036;-;-;-;-;-;-;-;-;-;-;-;-;-;-;2,0316;2,2330;2,1006;0,1205;0,4572;0,4619;3,4084;5,1502;0,013217;0,021690;0,2015;0,4181;0,8667;0,3769;1,8524;2,6345;54,7023;3,9193;-;-;-;-;-;-;-;-;-;-;-;-;-;-;-;-
dec. 2006;2,0307;2,2423;2,1374;0,1229;0,4580;0,4520;3,4141;5,0740;0,013441;0,022054;0,2018;0,4184;0,8952;0,3777;1,8045;2,5834;52,2214;3,8969;-;-;-;-;-;-;-;-;-;-;-;-;-;-;2,0289;2,2146;2,1044;0,1230;0,4536;0,4495;3,3817;5,0390;0,013437;0,021599;0,1999;0,4096;0,8820;0,3736;1,8158;2,5676;52,4877;3,8588;-;-;-;-;-;-;-;-;-;-;-;-;-;-;-;-
nov. 2006;2,0947;2,3890;2,1952;0,1247;0,4688;0,4741;3,4954;5,1866;0,013503;0,023134;0,2054;0,4240;0,9134;0,3841;1,8626;2,7136;54,6677;4,0479;-;-;-;-;-;-;-;-;-;-;-;-;-;-;2,0479;2,2866;2,1567;0,1228;0,4607;0,4555;3,4344;5,0910;0,013410;0,022394;0,2030;0,4193;0,9004;0,3788;1,7932;2,6041;53,4266;3,9311;-;-;-;-;-;-;-;-;-;-;-;-;-;-;-;-
oct. 2006;2,1017;2,4718;2,2133;0,1244;0,4720;0,4862;3,5192;5,2303;0,013184;0,023506;0,2064;0,4193;0,9019;0,3803;1,8860;2,7895;52,6177;4,1116;-;-;-;-;-;-;-;-;-;-;-;-;-;-;2,1294;2,4595;2,2165;0,1246;0,4724;0,4839;3,5211;5,2676;0,013458;0,023509;0,2063;0,4226;0,9059;0,3819;1,8998;2,7739;53,5929;4,1038;-;-;-;-;-;-;-;-;-;-;-;-;-;-;-;-
sep. 2006;2,0937;2,4828;2,2268;0,1242;0,4728;0,4825;3,5270;5,2223;0,012842;0,023654;0,2080;0,4272;0,8891;0,3806;1,8695;2,7694;53,4257;4,1046;-;-;-;-;-;-;-;-;-;-;-;-;-;-;2,0777;2,5013;2,2223;0,1245;0,4738;0,4859;3,5334;5,2138;0,012934;0,023628;0,2071;0,4287;0,8892;0,3812;1,8568;2,7889;53,9411;4,1125;-;-;-;-;-;-;-;-;-;-;-;-;-;-;-;-
aug. 2006;2,1009;2,4607;2,2365;0,1251;0,4728;0,4792;3,5277;5,2116;0,012859;0,023759;0,2085;0,4415;0,9037;0,3831;1,8751;2,7534;55,8638;4,0953;-;-;-;-;-;-;-;-;-;-;-;-;-;-;2,0984;2,4831;2,2410;0,1251;0,4733;0,4778;3,5302;5,2392;0,012862;0,023462;0,2087;0,4364;0,8973;0,3809;1,8856;2,7469;54,9079;4,0937;-;-;-;-;-;-;-;-;-;-;-;-;-;-;-;-
iul. 2006;2,1180;2,4970;2,2772;0,1256;0,4789;0,4900;3,5723;5,1937;0,012870;0,024355;0,2111;0,4499;0,8937;0,3876;1,8118;2,8167;57,3305;4,1634;-;-;-;-;-;-;-;-;-;-;-;-;-;-;2,1281;2,4677;2,2556;0,1242;0,4752;0,4838;3,5458;5,1858;0,013031;0,024298;0,2096;0,4508;0,9011;0,3841;1,8672;2,7799;56,9241;4,1391;-;-;-;-;-;-;-;-;-;-;-;-;-;-;-;-
iun. 2006;2,0739;2,5151;2,2742;0,1250;0,4759;0,4863;3,5483;5,1662;0,013056;0,024442;0,2111;0,4518;0,8817;0,3843;1,7484;2,8013;53,8161;4,1456;-;-;-;-;-;-;-;-;-;-;-;-;-;-;2,0876;2,5268;2,2768;0,1253;0,4784;0,4877;3,5686;5,1473;0,012629;0,024487;0,2143;0,4496;0,8810;0,3863;1,7870;2,8068;54,1725;4,1791;-;-;-;-;-;-;-;-;-;-;-;-;-;-;-;-
mai. 2006;2,0964;2,4725;2,2531;0,1240;0,4703;0,4762;3,5071;5,1319;0,013363;0,024578;0,2125;0,4496;0,8998;0,3758;1,9116;2,7449;59,6013;4,0930;-;-;-;-;-;-;-;-;-;-;-;-;-;-;2,0955;2,5112;2,2702;0,1255;0,4745;0,4773;3,5386;5,1666;0,013456;0,024545;0,2081;0,4515;0,8969;0,3816;1,7513;2,7511;57,7855;4,1166;-;-;-;-;-;-;-;-;-;-;-;-;-;-;-;-
apr. 2006;2,0940;2,4841;2,2169;0,1224;0,4679;0,4955;3,4911;5,0253;0,013143;0,024300;0,2204;0,4450;0,8902;0,3740;2,1307;2,8485;55,7661;4,1371;-;-;-;-;-;-;-;-;-;-;-;-;-;-;2,0921;2,4619;2,2099;0,1222;0,4657;0,4807;3,4743;5,0055;0,013171;0,024235;0,2151;0,4471;0,8971;0,3735;2,0923;2,7674;56,7713;4,0952;-;-;-;-;-;-;-;-;-;-;-;-;-;-;-;-
mar. 2006;2,1217;2,5214;2,2354;0,1224;0,4701;0,5082;3,5074;5,0882;0,013448;0,024875;0,2250;0,4397;0,9033;0,3732;2,1820;2,9177;52,2601;4,2019;-;-;-;-;-;-;-;-;-;-;-;-;-;-;2,0740;2,4989;2,2296;0,1232;0,4719;0,5064;3,5210;5,0506;0,013249;0,024722;0,2252;0,4420;0,8943;0,3740;2,1575;2,9079;54,5690;4,1935;-;-;-;-;-;-;-;-;-;-;-;-;-;-;-;-
feb. 2006;2,1984;2,5775;2,2727;0,1246;0,4743;0,5167;3,5404;5,1804;0,014071;0,025146;0,2289;0,4392;0,9328;0,3789;2,2342;2,9632;52,9230;4,2552;-;-;-;-;-;-;-;-;-;-;-;-;-;-;2,1682;2,5695;2,2238;0,1229;0,4666;0,5107;3,4814;5,1163;0,013779;0,025221;0,2261;0,4335;0,9224;0,3687;2,2317;2,9281;52,4095;4,2108;-;-;-;-;-;-;-;-;-;-;-;-;-;-;-;-
ian. 2006;2,2551;2,5942;2,3521;0,1270;0,4885;0,5241;3,6445;5,3093;0,014537;0,026053;0,2347;0,4532;0,9540;0,3915;2,2539;3,0062;53,0738;4,3592;-;-;-;-;-;-;-;-;-;-;-;-;-;-;2,2506;2,6059;2,3265;0,1274;0,4844;0,5211;3,6151;5,2945;0,014324;0,025500;0,2316;0,4466;0,9440;0,3918;2,2513;2,9874;54,7192;4,3195;-;-;-;-;-;-;-;-;-;-;-;-;-;-;-;-
dec. 2005;2,2889;2,6556;2,3638;0,1263;0,4908;0,5366;3,6589;5,3864;0,014484;0,026024;0,2406;0,4586;0,9506;0,3882;2,2800;3,0836;50,5466;4,4161;-;-;-;-;-;-;-;-;-;-;-;-;-;-;2,2803;2,6731;2,3645;0,1267;0,4929;0,5416;3,6771;5,3563;0,014547;0,026459;0,2418;0,4600;0,9520;0,3911;2,3032;3,1078;51,2270;4,4439;-;-;-;-;-;-;-;-;-;-;-;-;-;-;-;-
nov. 2005;2,2780;2,6178;2,3644;0,1248;0,4897;0,5377;3,6530;5,3763;0,014556;0,026162;0,2443;0,4668;0,9201;0,3819;2,2782;3,0974;47,4621;4,4237;-;-;-;-;-;-;-;-;-;-;-;-;-;-;2,2932;2,6563;2,3591;0,1263;0,4904;0,5386;3,6549;5,3505;0,014461;0,025949;0,2413;0,4596;0,9341;0,3838;2,2860;3,1024;49,2491;4,4209;-;-;-;-;-;-;-;-;-;-;-;-;-;-;-;-
oct. 2005;2,2575;2,5429;2,3227;0,1213;0,4822;0,5196;3,5984;5,2790;0,014290;0,026071;0,2378;0,4592;0,9176;0,3819;2,2048;2,9927;45,2211;4,3287;-;-;-;-;-;-;-;-;-;-;-;-;-;-;2,2751;2,5758;2,3607;0,1233;0,4891;0,5251;3,6503;5,3819;0,014557;0,026101;0,2387;0,4675;0,9153;0,3822;2,2445;3,0259;46,0027;4,3671;-;-;-;-;-;-;-;-;-;-;-;-;-;-;-;-
sep. 2005;2,1928;2,4293;2,2657;0,1197;0,4706;0,4969;3,5103;5,1786;0,014279;0,025791;0,2275;0,4496;0,8955;0,3760;2,1363;2,8648;41,9982;4,1981;-;-;-;-;-;-;-;-;-;-;-;-;-;-;2,2496;2,5335;2,2875;0,1204;0,4769;0,5137;3,5586;5,2091;0,014282;0,026125;0,2354;0,4521;0,9091;0,3819;2,1911;2,9585;45,0228;4,2792;-;-;-;-;-;-;-;-;-;-;-;-;-;-;-;-
aug. 2005;2,1716;2,3635;2,2576;0,1184;0,4700;0,4939;3,5057;5,1152;0,014340;0,025774;0,2278;0,4429;0,8664;0,3753;2,1188;2,8512;40,1282;4,1843;-;-;-;-;-;-;-;-;-;-;-;-;-;-;2,1487;2,4137;2,2684;0,1187;0,4708;0,4978;3,5111;5,1366;0,014360;0,025791;0,2271;0,4454;0,8689;0,3754;2,1283;2,8750;40,0253;4,2085;-;-;-;-;-;-;-;-;-;-;-;-;-;-;-;-
iul. 2005;2,2262;2,4201;2,2879;0,1181;0,4781;0,5122;3,5655;5,1792;0,014468;0,026427;0,2353;0,4500;0,8696;0,3784;2,2107;2,9608;40,3795;4,2932;-;-;-;-;-;-;-;-;-;-;-;-;-;-;2,2152;2,3711;2,2595;0,1168;0,4724;0,5051;3,5237;5,1124;0,014384;0,025946;0,2306;0,4461;0,8637;0,3749;2,1932;2,9164;40,0360;4,2229;-;-;-;-;-;-;-;-;-;-;-;-;-;-;-;-
iun. 2005;2,2766;2,3878;2,3495;0,1204;0,4854;0,5123;3,6139;5,4044;0,014500;0,027342;0,2359;0,4578;0,8897;0,3906;2,1802;2,9695;41,0579;4,3571;-;-;-;-;-;-;-;-;-;-;-;-;-;-;2,2797;2,4236;2,3315;0,1201;0,4839;0,5162;3,6050;5,4247;0,014600;0,027095;0,2366;0,4556;0,8888;0,3823;2,2163;2,9891;41,8032;4,3613;-;-;-;-;-;-;-;-;-;-;-;-;-;-;-;-
mai. 2005;2,1834;2,2711;2,3417;0,1197;0,4860;0,4916;3,6182;5,2856;0,014400;0,026723;0,2253;0,4476;0,8664;0,3935;2,0815;2,8508;38,7246;4,2645;-;-;-;-;-;-;-;-;-;-;-;-;-;-;2,2165;2,3258;2,3498;0,1191;0,4866;0,5047;3,6217;5,3241;0,014300;0,027108;0,2293;0,4559;0,8802;0,3958;2,1582;2,9278;39,1957;4,2856;-;-;-;-;-;-;-;-;-;-;-;-;-;-;-;-
apr. 2005;2,1680;2,2711;2,3457;0,1205;0,4872;0,4835;3,6293;5,3131;0,014600;0,026143;0,2227;0,4438;0,8739;0,3960;2,0586;2,8041;38,6803;4,2362;-;-;-;-;-;-;-;-;-;-;-;-;-;-;2,1882;2,2369;2,3562;0,1185;0,4863;0,4814;3,6211;5,3456;0,014300;0,026570;0,2210;0,4444;0,8435;0,3948;2,0076;2,7931;38,9147;4,2469;-;-;-;-;-;-;-;-;-;-;-;-;-;-;-;-
mar. 2005;2,1615;2,2661;2,3452;0,1219;0,4880;0,4752;3,6338;5,2474;0,014800;0,026183;0,2185;0,4438;0,9035;0,3997;2,0990;2,7570;38,4077;4,2045;-;-;-;-;-;-;-;-;-;-;-;-;-;-;2,1983;2,3444;2,3771;0,1231;0,4943;0,4905;3,6825;5,3490;0,014900;0,026603;0,2255;0,4487;0,9007;0,4027;2,0995;2,8429;39,0810;4,2925;-;-;-;-;-;-;-;-;-;-;-;-;-;-;-;-
feb. 2005;2,2046;2,2800;2,3719;0,1226;0,4940;0,4859;3,6765;5,3304;0,015100;0,026935;0,2260;0,4420;0,9223;0,4047;2,1484;2,8244;38,4368;4,2893;-;-;-;-;-;-;-;-;-;-;-;-;-;-;2,1751;2,2306;2,3659;0,1225;0,4894;0,4728;3,6422;5,2858;0,015000;0,026319;0,2190;0,4431;0,9313;0,4026;2,1310;2,7473;38,5402;4,2178;-;-;-;-;-;-;-;-;-;-;-;-;-;-;-;-
ian. 2005;2,2255;2,3765;2,4683;0,1260;0,5131;0,4925;3,8178;5,4629;0,015500;0,028114;0,2329;0,4647;0,9359;0,4219;2,1447;2,9076;39,6942;4,4281;-;-;-;-;-;-;-;-;-;-;-;-;-;-;2,2313;2,3207;2,4225;0,1242;0,5041;0,4949;3,7516;5,4308;0,015300;0,027845;0,2306;0,4546;0,9254;0,4123;2,1592;2,8855;39,3665;4,3771;-;-;-;-;-;-;-;-;-;-;-;-;-;-;-;-